PlaceName,Address,Review,Star,ReviewerName,PlaceTag
MADO,"Bahçelievler Merkez, Kültür Sk. Metroport AVM D:2.Kat, 34580 Bahçelievler/İstanbul- ","Mado fırsatçılıkta hiç  şaşırtmıyor Terasi ticari fırsata çeviren mantık… birde servis açmak deniyor Mado genel merkezine de yazdım umurlarında değil….
Servis yorumlarumlarıda asagıda","<span class=""kvMYJc"" role=""img"" aria-label=""1 star""><span class=""hCCjke vzX5Ic google-symbols NhBTye""></span><span class=""hCCjke google-symbols NhBTye""></span><span class=""hCCjke google-symbols NhBTye""></span><span class=""hCCjke google-symbols NhBTye""></span><span class=""hCCjke google-symbols NhBTye""></span></span><span class=""rsqaWe"">2 weeks ago</span><div class=""Tuisuc""></div>",Hurşit CANLI,Cafe · $$$
Ozsut,"Bahçelievler Merkez, Kültür Sk. No: 1 D:86, 34180 Bahçelievler/İstanbul- ",Kasada ki bayan daha terbiyeli olsa boş olunca her. Müşteriden kopartma derdi,"<span class=""kvMYJc"" role=""img"" aria-label=""1 star""><span class=""hCCjke vzX5Ic google-symbols NhBTye""></span><span class=""hCCjke google-symbols NhBTye""></span><span class=""hCCjke google-symbols NhBTye""></span><span class=""hCCjke google-symbols NhBTye""></span><span class=""hCCjke google-symbols NhBTye""></span></span><span class=""rsqaWe"">a month ago</span><div class=""Tuisuc""></div>",Hurşit CANLI,Cafe · $$
Gloria Yapı Gayrimenkul,"Yakuplu, 106. Sokak, Ata Cd. No:1, 34009 Beylikdüzü/İstanbul- ",Yalan ilanla sizi davet edip bir şeyler çeviriyorlar,"<span class=""kvMYJc"" role=""img"" aria-label=""1 star""><span class=""hCCjke vzX5Ic google-symbols NhBTye""></span><span class=""hCCjke google-symbols NhBTye""></span><span class=""hCCjke google-symbols NhBTye""></span><span class=""hCCjke google-symbols NhBTye""></span><span class=""hCCjke google-symbols NhBTye""></span></span><span class=""rsqaWe"">2 months ago</span><div class=""Tuisuc""></div>",Hurşit CANLI,Building firm
Ikbal,"Ayazağa, Cendere Cad. 109/C, 34396 Sarıyer/İstanbul- ",Yarım saat bekletip bayat  ekmeği bile satan mekan,"<span class=""kvMYJc"" role=""img"" aria-label=""1 star""><span class=""hCCjke vzX5Ic google-symbols NhBTye""></span><span class=""hCCjke google-symbols NhBTye""></span><span class=""hCCjke google-symbols NhBTye""></span><span class=""hCCjke google-symbols NhBTye""></span><span class=""hCCjke google-symbols NhBTye""></span></span><span class=""rsqaWe"">2 months ago</span><div class=""Tuisuc""></div>",Hurşit CANLI,Restaurant
AKDOĞAN PASTA & KEBAP RESTORAN KAHVALTI BAKLAVA,"Halkalı Merkez, Zeynebiye Cd. No:4, 34303 Küçükçekmece/İstanbul- ","Yemek sonrası çayı Fiyata eklemiş
İkram Kültürü yok sanırım
Her restoran Çayı ikram eder burası satıyor","<span class=""kvMYJc"" role=""img"" aria-label=""1 star""><span class=""hCCjke vzX5Ic google-symbols NhBTye""></span><span class=""hCCjke google-symbols NhBTye""></span><span class=""hCCjke google-symbols NhBTye""></span><span class=""hCCjke google-symbols NhBTye""></span><span class=""hCCjke google-symbols NhBTye""></span></span><span class=""rsqaWe"">3 months ago</span><div class=""Tuisuc""></div>",Hurşit CANLI,Kebab shop · $
Nezih Cağ Kebap,"Gez Mahallesi Kombina Cad. No:17 Bostancıoğlu Sitesi Yanı, 25200 Yakutiye/Erzurum- ",,"<span class=""kvMYJc"" role=""img"" aria-label=""5 stars""><span class=""hCCjke vzX5Ic google-symbols NhBTye""></span><span class=""hCCjke vzX5Ic google-symbols NhBTye""></span><span class=""hCCjke vzX5Ic google-symbols NhBTye""></span><span class=""hCCjke vzX5Ic google-symbols NhBTye""></span><span class=""hCCjke vzX5Ic google-symbols NhBTye""></span></span><span class=""rsqaWe"">4 months ago</span><div class=""Tuisuc""></div>",Hurşit CANLI,Kebab shop
LG Yetkili Servis Merkezi İletişim Destek,"Cebeci, 2460. Sk., 34270 Sultangazi/İstanbul- ",,"<span class=""kvMYJc"" role=""img"" aria-label=""1 star""><span class=""hCCjke vzX5Ic google-symbols NhBTye""></span><span class=""hCCjke google-symbols NhBTye""></span><span class=""hCCjke google-symbols NhBTye""></span><span class=""hCCjke google-symbols NhBTye""></span><span class=""hCCjke google-symbols NhBTye""></span></span><span class=""rsqaWe"">4 months ago</span><div class=""Tuisuc""></div>",Hurşit CANLI,Home help
Vatan Computer Topkapı,"Merkezefendi, Mevlana Cd. No:138, 34015 Zeytinburnu/İstanbul- ","Eski Vatan değil mahalle ticaretine dönüştürmüş
En iyi Laptopu verin  sorun olmasın dedim laptop yavaş
Servis zaten çözüm üretmekten aciz","<span class=""kvMYJc"" role=""img"" aria-label=""1 star""><span class=""hCCjke vzX5Ic google-symbols NhBTye""></span><span class=""hCCjke google-symbols NhBTye""></span><span class=""hCCjke google-symbols NhBTye""></span><span class=""hCCjke google-symbols NhBTye""></span><span class=""hCCjke google-symbols NhBTye""></span></span><span class=""rsqaWe"">4 months ago</span><div class=""Tuisuc""></div>",Hurşit CANLI,Computer store
Siteler Mahallesi Semt Pazarı,"Siteler, 07985 Konyaaltı/Antalya- ",,"<span class=""kvMYJc"" role=""img"" aria-label=""1 star""><span class=""hCCjke vzX5Ic google-symbols NhBTye""></span><span class=""hCCjke google-symbols NhBTye""></span><span class=""hCCjke google-symbols NhBTye""></span><span class=""hCCjke google-symbols NhBTye""></span><span class=""hCCjke google-symbols NhBTye""></span></span><span class=""rsqaWe"">6 months ago</span><div class=""Tuisuc""></div>",Hurşit CANLI,Market
Kapalı Pazar Yeri,"Siteler, 07070 Konyaaltı/Antalya- ",,"<span class=""kvMYJc"" role=""img"" aria-label=""1 star""><span class=""hCCjke vzX5Ic google-symbols NhBTye""></span><span class=""hCCjke google-symbols NhBTye""></span><span class=""hCCjke google-symbols NhBTye""></span><span class=""hCCjke google-symbols NhBTye""></span><span class=""hCCjke google-symbols NhBTye""></span></span><span class=""rsqaWe"">6 months ago</span><div class=""Tuisuc""></div>",Hurşit CANLI,Market
coffee's,"Meltem, Sahil Antalya Yaşam Parkı, Beach Park No: 10/31, 07030 Muratpaşa/Antalya- ",,"<span class=""kvMYJc"" role=""img"" aria-label=""5 stars""><span class=""hCCjke vzX5Ic google-symbols NhBTye""></span><span class=""hCCjke vzX5Ic google-symbols NhBTye""></span><span class=""hCCjke vzX5Ic google-symbols NhBTye""></span><span class=""hCCjke vzX5Ic google-symbols NhBTye""></span><span class=""hCCjke vzX5Ic google-symbols NhBTye""></span></span><span class=""rsqaWe"">6 months ago</span><div class=""Tuisuc""></div>",Hurşit CANLI,Cafe · $$
Keçiborlu Otogar,"Hasanbey, 32700 Keçiborlu/Isparta- ",,"<span class=""kvMYJc"" role=""img"" aria-label=""5 stars""><span class=""hCCjke vzX5Ic google-symbols NhBTye""></span><span class=""hCCjke vzX5Ic google-symbols NhBTye""></span><span class=""hCCjke vzX5Ic google-symbols NhBTye""></span><span class=""hCCjke vzX5Ic google-symbols NhBTye""></span><span class=""hCCjke vzX5Ic google-symbols NhBTye""></span></span><span class=""rsqaWe"">6 months ago</span><div class=""Tuisuc""></div>",Hurşit CANLI,Transportation service
Süleymaniye Çocuk Parkı,"Süleymaniye, 07630 Akseki/Antalya- ",,"<span class=""kvMYJc"" role=""img"" aria-label=""3 stars""><span class=""hCCjke vzX5Ic google-symbols NhBTye""></span><span class=""hCCjke vzX5Ic google-symbols NhBTye""></span><span class=""hCCjke vzX5Ic google-symbols NhBTye""></span><span class=""hCCjke google-symbols NhBTye""></span><span class=""hCCjke google-symbols NhBTye""></span></span><span class=""rsqaWe"">6 months ago</span><div class=""Tuisuc""></div>",Hurşit CANLI,Park
Caglayan Koyu Muhtarligi,66302 Çağlayan/Akdağmadeni/Yozgat- ,,"<span class=""kvMYJc"" role=""img"" aria-label=""5 stars""><span class=""hCCjke vzX5Ic google-symbols NhBTye""></span><span class=""hCCjke vzX5Ic google-symbols NhBTye""></span><span class=""hCCjke vzX5Ic google-symbols NhBTye""></span><span class=""hCCjke vzX5Ic google-symbols NhBTye""></span><span class=""hCCjke vzX5Ic google-symbols NhBTye""></span></span><span class=""rsqaWe"">6 months ago</span><div class=""Tuisuc""></div>",Hurşit CANLI,Hotel
Buuzecedi Restaurant,"Akşemsettin, Akşemsettin Cd. No:23, 34080 Fatih/İstanbul- ",,"<span class=""kvMYJc"" role=""img"" aria-label=""2 stars""><span class=""hCCjke vzX5Ic google-symbols NhBTye""></span><span class=""hCCjke vzX5Ic google-symbols NhBTye""></span><span class=""hCCjke google-symbols NhBTye""></span><span class=""hCCjke google-symbols NhBTye""></span><span class=""hCCjke google-symbols NhBTye""></span></span><span class=""rsqaWe"">6 months ago</span><div class=""Tuisuc""></div>",Hurşit CANLI,Syrian · $
Değirmenci Baba Börek&Mantı Konyaaltı,"Altınkum, Karacan Apartmanı, Gazi Mustafa Kemal Blv. No:100 B, 07110 Konyaaltı/Antalya- ",,"<span class=""kvMYJc"" role=""img"" aria-label=""2 stars""><span class=""hCCjke vzX5Ic google-symbols NhBTye""></span><span class=""hCCjke vzX5Ic google-symbols NhBTye""></span><span class=""hCCjke google-symbols NhBTye""></span><span class=""hCCjke google-symbols NhBTye""></span><span class=""hCCjke google-symbols NhBTye""></span></span><span class=""rsqaWe"">6 months ago</span><div class=""Tuisuc""></div>",Hurşit CANLI,Pie shop
Omer Duruk Dinlenme Tesisleri,"Büyükalan, Antalya Konya Yolu Üzeri No:151, 07630 Akseki/Antalya- ",,"<span class=""kvMYJc"" role=""img"" aria-label=""3 stars""><span class=""hCCjke vzX5Ic google-symbols NhBTye""></span><span class=""hCCjke vzX5Ic google-symbols NhBTye""></span><span class=""hCCjke vzX5Ic google-symbols NhBTye""></span><span class=""hCCjke google-symbols NhBTye""></span><span class=""hCCjke google-symbols NhBTye""></span></span><span class=""rsqaWe"">6 months ago</span><div class=""Tuisuc""></div>",Hurşit CANLI,Gas station
Artezyen et mangal,"Sanayi, Konya Manavgat Yolu No:7800, 07600 Manavgat/Antalya- ",,"<span class=""kvMYJc"" role=""img"" aria-label=""5 stars""><span class=""hCCjke vzX5Ic google-symbols NhBTye""></span><span class=""hCCjke vzX5Ic google-symbols NhBTye""></span><span class=""hCCjke vzX5Ic google-symbols NhBTye""></span><span class=""hCCjke vzX5Ic google-symbols NhBTye""></span><span class=""hCCjke vzX5Ic google-symbols NhBTye""></span></span><span class=""rsqaWe"">6 months ago</span><div class=""Tuisuc""></div>",Hurşit CANLI,Restaurant · $$
Birtat Donas Hatay Usulü Döner,"Kayalıyokuş, Belediye Sitesi, Cumhuriyet Cd No:9/D, 58400 Şarkışla/Sivas- ",,"<span class=""kvMYJc"" role=""img"" aria-label=""5 stars""><span class=""hCCjke vzX5Ic google-symbols NhBTye""></span><span class=""hCCjke vzX5Ic google-symbols NhBTye""></span><span class=""hCCjke vzX5Ic google-symbols NhBTye""></span><span class=""hCCjke vzX5Ic google-symbols NhBTye""></span><span class=""hCCjke vzX5Ic google-symbols NhBTye""></span></span><span class=""rsqaWe"">6 months ago</span><div class=""Tuisuc""></div>",Hurşit CANLI,Chophouse restaurant
Hacıbey,"Borazanlar mahallesi Mehmet Akif Ersoy Bulvarı Kanca Apartmanı A blok 13, D:9, 14000 Merkez/Bolu- ",Gerçek lezzet ve kaliteli ustalar,"<span class=""kvMYJc"" role=""img"" aria-label=""5 stars""><span class=""hCCjke vzX5Ic google-symbols NhBTye""></span><span class=""hCCjke vzX5Ic google-symbols NhBTye""></span><span class=""hCCjke vzX5Ic google-symbols NhBTye""></span><span class=""hCCjke vzX5Ic google-symbols NhBTye""></span><span class=""hCCjke vzX5Ic google-symbols NhBTye""></span></span><span class=""rsqaWe"">7 months ago</span><div class=""Tuisuc""></div>",Hurşit CANLI,Restaurant
Urfali Kebapci,"Ostim, Mehmet Akif Ersoy Cd. No:41, 06374 Yenimahalle/Ankara- ",Temiz leziz ve kaaliteli,"<span class=""kvMYJc"" role=""img"" aria-label=""5 stars""><span class=""hCCjke vzX5Ic google-symbols NhBTye""></span><span class=""hCCjke vzX5Ic google-symbols NhBTye""></span><span class=""hCCjke vzX5Ic google-symbols NhBTye""></span><span class=""hCCjke vzX5Ic google-symbols NhBTye""></span><span class=""hCCjke vzX5Ic google-symbols NhBTye""></span></span><span class=""rsqaWe"">7 months ago</span><div class=""Tuisuc""></div>",Hurşit CANLI,Kebab shop · $$
"Crowne Plaza Antalya, an IHG Hotel","Gürsu, Akdeniz Blv. 304. Sokak, 07070 Konyaaltı/Antalya- ",,"<span class=""kvMYJc"" role=""img"" aria-label=""5 stars""><span class=""hCCjke vzX5Ic google-symbols NhBTye""></span><span class=""hCCjke vzX5Ic google-symbols NhBTye""></span><span class=""hCCjke vzX5Ic google-symbols NhBTye""></span><span class=""hCCjke vzX5Ic google-symbols NhBTye""></span><span class=""hCCjke vzX5Ic google-symbols NhBTye""></span></span><span class=""rsqaWe"">7 months ago</span><div class=""Tuisuc""></div>",Hurşit CANLI,Hotel
Hafız Mustafa 1864 Pera,"Kuloğlu, İstiklal Cd. No:121, 34433 Beyoğlu/İstanbul- ",,"<span class=""kvMYJc"" role=""img"" aria-label=""5 stars""><span class=""hCCjke vzX5Ic google-symbols NhBTye""></span><span class=""hCCjke vzX5Ic google-symbols NhBTye""></span><span class=""hCCjke vzX5Ic google-symbols NhBTye""></span><span class=""hCCjke vzX5Ic google-symbols NhBTye""></span><span class=""hCCjke vzX5Ic google-symbols NhBTye""></span></span><span class=""rsqaWe"">7 months ago</span><div class=""Tuisuc""></div>",Hurşit CANLI,Dessert shop · $$
İBB Florya Sosyal Tesisleri,"İtfaiye Cad. No:1 Yeşilköy Halk Pazarı Yanı Yeşilköy İtfaye Arkası Florya, 34153 Bakırköy/İstanbul- ",,"<span class=""kvMYJc"" role=""img"" aria-label=""5 stars""><span class=""hCCjke vzX5Ic google-symbols NhBTye""></span><span class=""hCCjke vzX5Ic google-symbols NhBTye""></span><span class=""hCCjke vzX5Ic google-symbols NhBTye""></span><span class=""hCCjke vzX5Ic google-symbols NhBTye""></span><span class=""hCCjke vzX5Ic google-symbols NhBTye""></span></span><span class=""rsqaWe"">7 months ago</span><div class=""Tuisuc""></div>",Hurşit CANLI,Restaurant · $$
Otel Akpınar,"Eskibağlar, Kumlubel Sk. No:20, 26170 Tepebaşı/Eskişehir- ",,"<span class=""kvMYJc"" role=""img"" aria-label=""5 stars""><span class=""hCCjke vzX5Ic google-symbols NhBTye""></span><span class=""hCCjke vzX5Ic google-symbols NhBTye""></span><span class=""hCCjke vzX5Ic google-symbols NhBTye""></span><span class=""hCCjke vzX5Ic google-symbols NhBTye""></span><span class=""hCCjke vzX5Ic google-symbols NhBTye""></span></span><span class=""rsqaWe"">7 months ago</span><div class=""Tuisuc""></div>",Hurşit CANLI,Hotel
Kent Meydanı Konyaaltı,"Altınkum, Akdeniz Blv. 176 C, 07070 Konyaaltı/Antalya- ",Antalya’nın göz bebeği,"<span class=""kvMYJc"" role=""img"" aria-label=""5 stars""><span class=""hCCjke vzX5Ic google-symbols NhBTye""></span><span class=""hCCjke vzX5Ic google-symbols NhBTye""></span><span class=""hCCjke vzX5Ic google-symbols NhBTye""></span><span class=""hCCjke vzX5Ic google-symbols NhBTye""></span><span class=""hCCjke vzX5Ic google-symbols NhBTye""></span></span><span class=""rsqaWe"">7 months ago</span><div class=""Tuisuc""></div>",Hurşit CANLI,City park
Dilek Pastanesi Zuhuratbaba,"Zuhuratbaba, İncirli Cd. No:41 D:41, 34147 Bakırköy/İstanbul- ",,"<span class=""kvMYJc"" role=""img"" aria-label=""5 stars""><span class=""hCCjke vzX5Ic google-symbols NhBTye""></span><span class=""hCCjke vzX5Ic google-symbols NhBTye""></span><span class=""hCCjke vzX5Ic google-symbols NhBTye""></span><span class=""hCCjke vzX5Ic google-symbols NhBTye""></span><span class=""hCCjke vzX5Ic google-symbols NhBTye""></span></span><span class=""rsqaWe"">7 months ago</span><div class=""Tuisuc""></div>",Hurşit CANLI,Patisserie · $$
İstanbul Özel Yozgat Erkek Öğrenci Yurdu,"Yavuz Sultan Selim, Hanedan Sk. No:15, 34083 Fatih/İstanbul- ",Tertemiz bir yurt,"<span class=""kvMYJc"" role=""img"" aria-label=""5 stars""><span class=""hCCjke vzX5Ic google-symbols NhBTye""></span><span class=""hCCjke vzX5Ic google-symbols NhBTye""></span><span class=""hCCjke vzX5Ic google-symbols NhBTye""></span><span class=""hCCjke vzX5Ic google-symbols NhBTye""></span><span class=""hCCjke vzX5Ic google-symbols NhBTye""></span></span><span class=""rsqaWe"">7 months ago</span><div class=""Tuisuc""></div>",Hurşit CANLI,Hostel
Mado Beach Park Konyaaltı Sahil,"Meltem, VARYANT TİC. ÜNİTELER, Akdeniz Blv. NO:10/1, 07100 Muratpaşa/Antalya- ",Nezih ortam,"<span class=""kvMYJc"" role=""img"" aria-label=""5 stars""><span class=""hCCjke vzX5Ic google-symbols NhBTye""></span><span class=""hCCjke vzX5Ic google-symbols NhBTye""></span><span class=""hCCjke vzX5Ic google-symbols NhBTye""></span><span class=""hCCjke vzX5Ic google-symbols NhBTye""></span><span class=""hCCjke vzX5Ic google-symbols NhBTye""></span></span><span class=""rsqaWe"">7 months ago</span><div class=""Tuisuc""></div>",Hurşit CANLI,Restaurant · $$$
Köfteci Yusuf,"Bağdat, Uşak Cd. No:6/1, 03852 Akören/Hocalar/Afyonkarahisar- ",,"<span class=""kvMYJc"" role=""img"" aria-label=""4 stars""><span class=""hCCjke vzX5Ic google-symbols NhBTye""></span><span class=""hCCjke vzX5Ic google-symbols NhBTye""></span><span class=""hCCjke vzX5Ic google-symbols NhBTye""></span><span class=""hCCjke vzX5Ic google-symbols NhBTye""></span><span class=""hCCjke google-symbols NhBTye""></span></span><span class=""rsqaWe"">7 months ago</span><div class=""Tuisuc""></div>",Hurşit CANLI,
Shell,"Hürriyet Caddesi ADA:-,PAF:-,PARS:, D:268, 07220 Kepez- ",Valla genelde sehir ici  petroller  cok fazla kullabildiğindan wcleri  inanilmaz kötü olur. Ama burasi su geldiğim zaman diliminde gercekten evimdeki wc gibiydi. Bir petrolü petrol yapan wcsidir  Ee ne demisler Aklı kelden benzini shell den alcan,"<span class=""kvMYJc"" role=""img"" aria-label=""5 stars""><span class=""hCCjke vzX5Ic google-symbols NhBTye""></span><span class=""hCCjke vzX5Ic google-symbols NhBTye""></span><span class=""hCCjke vzX5Ic google-symbols NhBTye""></span><span class=""hCCjke vzX5Ic google-symbols NhBTye""></span><span class=""hCCjke vzX5Ic google-symbols NhBTye""></span></span><span class=""rsqaWe"">a week ago</span><div class=""Tuisuc""></div>",Nurullah Uzun,Gas station · $$
Neşeli Balık,"Eski, 108. Sk., 07740 Finike/Antalya- ",Calisan arkadaslarin bizimle ilgilenirken ki mutluluğu başka bir güzellik,"<span class=""kvMYJc"" role=""img"" aria-label=""5 stars""><span class=""hCCjke vzX5Ic google-symbols NhBTye""></span><span class=""hCCjke vzX5Ic google-symbols NhBTye""></span><span class=""hCCjke vzX5Ic google-symbols NhBTye""></span><span class=""hCCjke vzX5Ic google-symbols NhBTye""></span><span class=""hCCjke vzX5Ic google-symbols NhBTye""></span></span><span class=""rsqaWe"">4 months ago</span><div class=""Tuisuc""></div>",Nurullah Uzun,Fish restaurant · $$
Kutupayısı Genel Merkez,"Yenibosna Merkez Mah., Selim Ayaydın Cad Hasan Tanık İş Merkezi D:2, 34197 Yenibosna/İstanbul- ",36 yaşındayım şimdiye kadar bir ürününün arkasında bu kadar kaliteli duran bir firma görmedim... İnternetden stanley marka bi termos aldım. Yıkarken küçük bir contasını kaybetmişim. İnternetden iletişim numarasını bulup problemi whatsaap …,"<span class=""kvMYJc"" role=""img"" aria-label=""5 stars""><span class=""hCCjke vzX5Ic google-symbols NhBTye""></span><span class=""hCCjke vzX5Ic google-symbols NhBTye""></span><span class=""hCCjke vzX5Ic google-symbols NhBTye""></span><span class=""hCCjke vzX5Ic google-symbols NhBTye""></span><span class=""hCCjke vzX5Ic google-symbols NhBTye""></span></span><span class=""rsqaWe"">6 months ago</span><div class=""Tuisuc""></div>",Nurullah Uzun,Outdoor clothing and equipment shop
Milklaç - Burhanettin Onat,"Zerdalilik, Burhanettin Onat Cd. Altındal apt D:88/A, 07007 Muratpaşa/Antalya- ",Tatlılar çok hafif bayıldık. Zeynep hanim cok nazik emeği geçen herkese teşekkürler,"<span class=""kvMYJc"" role=""img"" aria-label=""5 stars""><span class=""hCCjke vzX5Ic google-symbols NhBTye""></span><span class=""hCCjke vzX5Ic google-symbols NhBTye""></span><span class=""hCCjke vzX5Ic google-symbols NhBTye""></span><span class=""hCCjke vzX5Ic google-symbols NhBTye""></span><span class=""hCCjke vzX5Ic google-symbols NhBTye""></span></span><span class=""rsqaWe"">6 months ago</span><div class=""Tuisuc""></div>",Nurullah Uzun,Dessert
Alp Paşa Boutique Hotel,"Barbaros, Hesapçı Sk. No: 30, 07100 Muratpaşa/Antalya- ",,"<span class=""kvMYJc"" role=""img"" aria-label=""5 stars""><span class=""hCCjke vzX5Ic google-symbols NhBTye""></span><span class=""hCCjke vzX5Ic google-symbols NhBTye""></span><span class=""hCCjke vzX5Ic google-symbols NhBTye""></span><span class=""hCCjke vzX5Ic google-symbols NhBTye""></span><span class=""hCCjke vzX5Ic google-symbols NhBTye""></span></span><span class=""rsqaWe"">a year ago</span><div class=""Tuisuc""></div>",Nurullah Uzun,Hotel
Deniz simit bakery,"Kültür, 3805. Sk. No:44 D:b, 07090 Kepez/Antalya- ",Güzel yiyecek şeyler bulduk 😉 …,"<span class=""kvMYJc"" role=""img"" aria-label=""5 stars""><span class=""hCCjke vzX5Ic google-symbols NhBTye""></span><span class=""hCCjke vzX5Ic google-symbols NhBTye""></span><span class=""hCCjke vzX5Ic google-symbols NhBTye""></span><span class=""hCCjke vzX5Ic google-symbols NhBTye""></span><span class=""hCCjke vzX5Ic google-symbols NhBTye""></span></span><span class=""rsqaWe"">a year ago</span><div class=""Tuisuc""></div>",Nurullah Uzun,Food court
Hilmi Beken Akaryakıt | Market | Restaurant | Catering | BEK FIRIN,"Altınkale, Akdeniz Blv. No:168 D:170, 07190 Döşemealtı/Antalya- ",Kurufasülyeeee efsanneeeeeeeeeee,"<span class=""kvMYJc"" role=""img"" aria-label=""5 stars""><span class=""hCCjke vzX5Ic google-symbols NhBTye""></span><span class=""hCCjke vzX5Ic google-symbols NhBTye""></span><span class=""hCCjke vzX5Ic google-symbols NhBTye""></span><span class=""hCCjke vzX5Ic google-symbols NhBTye""></span><span class=""hCCjke vzX5Ic google-symbols NhBTye""></span></span><span class=""rsqaWe"">a year ago</span><div class=""Tuisuc""></div>",Nurullah Uzun,Restaurant · $$$
Cennet Koyu,"Tekirova, tarihi likya yolu Beydağları Sahili Milli Parkı, 07995 Kemer/Antalya- ",Coğrafya konum çok güzel yanlız bizim memleketimizin insanına böylesine güzel bir koy haram. Elinde götürdüğü herşeyin çöpünü sağa sola atan babasının bahçesiymiş gibi davranan insanların bol bulunduğu.  Onca yangınlardan ders almayıp hala …,"<span class=""kvMYJc"" role=""img"" aria-label=""5 stars""><span class=""hCCjke vzX5Ic google-symbols NhBTye""></span><span class=""hCCjke vzX5Ic google-symbols NhBTye""></span><span class=""hCCjke vzX5Ic google-symbols NhBTye""></span><span class=""hCCjke vzX5Ic google-symbols NhBTye""></span><span class=""hCCjke vzX5Ic google-symbols NhBTye""></span></span><span class=""rsqaWe"">a year ago</span><div class=""Tuisuc""></div>",Nurullah Uzun,Nature preserve
Rido Camping,"Geyikbayırı, 07070 Konyaaltı/Antalya- ",,"<span class=""kvMYJc"" role=""img"" aria-label=""5 stars""><span class=""hCCjke vzX5Ic google-symbols NhBTye""></span><span class=""hCCjke vzX5Ic google-symbols NhBTye""></span><span class=""hCCjke vzX5Ic google-symbols NhBTye""></span><span class=""hCCjke vzX5Ic google-symbols NhBTye""></span><span class=""hCCjke vzX5Ic google-symbols NhBTye""></span></span><span class=""rsqaWe"">a year ago</span><div class=""Tuisuc""></div>",Nurullah Uzun,Campground
Çakıl Beach,"Kuşkavağı, 07070 Konyaaltı/Antalya- ",Orkestra çok iyi eğlenceli bir mekan.,"<span class=""kvMYJc"" role=""img"" aria-label=""5 stars""><span class=""hCCjke vzX5Ic google-symbols NhBTye""></span><span class=""hCCjke vzX5Ic google-symbols NhBTye""></span><span class=""hCCjke vzX5Ic google-symbols NhBTye""></span><span class=""hCCjke vzX5Ic google-symbols NhBTye""></span><span class=""hCCjke vzX5Ic google-symbols NhBTye""></span></span><span class=""rsqaWe"">a year ago</span><div class=""Tuisuc""></div>",Nurullah Uzun,Bistro · $$
El Emeği Parkı,"Zafer, 07020 Kepez/Antalya- ",Gerçekten güzel yer bitdahaline foto paylaşcam,"<span class=""kvMYJc"" role=""img"" aria-label=""5 stars""><span class=""hCCjke vzX5Ic google-symbols NhBTye""></span><span class=""hCCjke vzX5Ic google-symbols NhBTye""></span><span class=""hCCjke vzX5Ic google-symbols NhBTye""></span><span class=""hCCjke vzX5Ic google-symbols NhBTye""></span><span class=""hCCjke vzX5Ic google-symbols NhBTye""></span></span><span class=""rsqaWe"">a year ago</span><div class=""Tuisuc""></div>",Nurullah Uzun,Park
Reis Thermal Otel,"Karahayıt, 151. Sk. 1/a, 20800 Pamukkale/Denizli- ",Oteli bir festival de kahvaltı için kullandık gayet güzel di gerisini bilmiyorum,"<span class=""kvMYJc"" role=""img"" aria-label=""5 stars""><span class=""hCCjke vzX5Ic google-symbols NhBTye""></span><span class=""hCCjke vzX5Ic google-symbols NhBTye""></span><span class=""hCCjke vzX5Ic google-symbols NhBTye""></span><span class=""hCCjke vzX5Ic google-symbols NhBTye""></span><span class=""hCCjke vzX5Ic google-symbols NhBTye""></span></span><span class=""rsqaWe"">a year ago</span><div class=""Tuisuc""></div>",Nurullah Uzun,Hotel
Çamlık Çorbacısı,"Mehmetçik, 20020 Denizli Merkez/Denizli- ",Ezogelin çorbası içtim. Vejeteryan bi insan için bulunmaz hint kumaşı.,"<span class=""kvMYJc"" role=""img"" aria-label=""5 stars""><span class=""hCCjke vzX5Ic google-symbols NhBTye""></span><span class=""hCCjke vzX5Ic google-symbols NhBTye""></span><span class=""hCCjke vzX5Ic google-symbols NhBTye""></span><span class=""hCCjke vzX5Ic google-symbols NhBTye""></span><span class=""hCCjke vzX5Ic google-symbols NhBTye""></span></span><span class=""rsqaWe"">a year ago</span><div class=""Tuisuc""></div>",Nurullah Uzun,Soup · $$
Denizli Büyükşehir Belediyesi Nihat Zeybekci Kongre ve Kültür Merkezi,"İncilipınar, 3385. Sk. No:2, 20100 Pamukkale/Denizli- ",Festivale geldik. Çok güzel bir kültür merkezi olmuş.,"<span class=""kvMYJc"" role=""img"" aria-label=""5 stars""><span class=""hCCjke vzX5Ic google-symbols NhBTye""></span><span class=""hCCjke vzX5Ic google-symbols NhBTye""></span><span class=""hCCjke vzX5Ic google-symbols NhBTye""></span><span class=""hCCjke vzX5Ic google-symbols NhBTye""></span><span class=""hCCjke vzX5Ic google-symbols NhBTye""></span></span><span class=""rsqaWe"">a year ago</span><div class=""Tuisuc""></div>",Nurullah Uzun,Art center
Kipa AVM,"Fabrikalar, Fikri Erten Cd. No:10/1 D:117, 07090 Kepez/Antalya- ",Antalya için otoparkı büyük ve ev elektroniği açısından zengin firmalar ile dolu bir avm.,"<span class=""kvMYJc"" role=""img"" aria-label=""5 stars""><span class=""hCCjke vzX5Ic google-symbols NhBTye""></span><span class=""hCCjke vzX5Ic google-symbols NhBTye""></span><span class=""hCCjke vzX5Ic google-symbols NhBTye""></span><span class=""hCCjke vzX5Ic google-symbols NhBTye""></span><span class=""hCCjke vzX5Ic google-symbols NhBTye""></span></span><span class=""rsqaWe"">a year ago</span><div class=""Tuisuc""></div>",Nurullah Uzun,Shopping mall
Kayseri Sofrası Lara Börek & Mantı,"Yeşilbahçe, Metin Kasapoğlu Cd. No:37, 07160 Muratpaşa/Antalya- ",Çok iyidi. Vejeteryan olarak menü zengin. Tevsiye ederim . Foto çekmeyi unuttum 🤭 …,"<span class=""kvMYJc"" role=""img"" aria-label=""5 stars""><span class=""hCCjke vzX5Ic google-symbols NhBTye""></span><span class=""hCCjke vzX5Ic google-symbols NhBTye""></span><span class=""hCCjke vzX5Ic google-symbols NhBTye""></span><span class=""hCCjke vzX5Ic google-symbols NhBTye""></span><span class=""hCCjke vzX5Ic google-symbols NhBTye""></span></span><span class=""rsqaWe"">a year ago</span><div class=""Tuisuc""></div>",Nurullah Uzun,Dumpling · $$
Antalya Necropol Museum,"Yüksekalan, Ali Çetinkaya Cd. No:35/D, 07310 Muratpaşa/Antalya- ",Şehir Tiyatrosu açılınca daha da güzel olucak.,"<span class=""kvMYJc"" role=""img"" aria-label=""5 stars""><span class=""hCCjke vzX5Ic google-symbols NhBTye""></span><span class=""hCCjke vzX5Ic google-symbols NhBTye""></span><span class=""hCCjke vzX5Ic google-symbols NhBTye""></span><span class=""hCCjke vzX5Ic google-symbols NhBTye""></span><span class=""hCCjke vzX5Ic google-symbols NhBTye""></span></span><span class=""rsqaWe"">a year ago</span><div class=""Tuisuc""></div>",Nurullah Uzun,Museum
Elefante Pub,"Gençlik, Fevzi Çakmak Cd. 12/A, 07100 Muratpaşa/Antalya- ",Elefante yeni sahne yüzüyle Gerçekten güzel bi yer olmuş. Belki günümüz kafeleri gibi milyonlar harcayarak müşteri çekmek yerine kaliteli müzik ve satranç günü yapıp indirimli bira vizyonunu çok fazla ileriye taşımış.,"<span class=""kvMYJc"" role=""img"" aria-label=""5 stars""><span class=""hCCjke vzX5Ic google-symbols NhBTye""></span><span class=""hCCjke vzX5Ic google-symbols NhBTye""></span><span class=""hCCjke vzX5Ic google-symbols NhBTye""></span><span class=""hCCjke vzX5Ic google-symbols NhBTye""></span><span class=""hCCjke vzX5Ic google-symbols NhBTye""></span></span><span class=""rsqaWe"">a year ago</span><div class=""Tuisuc""></div>",Nurullah Uzun,Pub · $$
Rokka Pizza Falafel,"Haşimişcan, Recep Peker Cd., 07100 Muratpaşa/Antalya- ","5 yıllık bir işletmeymiş yeni gördüm ki, benim ayıbım çok hoş menüleri var. Vegan ve vejeteryan menüsünün olması yeme içme sektöründe 1 adım daha önde olduklarını kanıtlıyor. Her zaman tercih edebileceğim bir işletme .","<span class=""kvMYJc"" role=""img"" aria-label=""5 stars""><span class=""hCCjke vzX5Ic google-symbols NhBTye""></span><span class=""hCCjke vzX5Ic google-symbols NhBTye""></span><span class=""hCCjke vzX5Ic google-symbols NhBTye""></span><span class=""hCCjke vzX5Ic google-symbols NhBTye""></span><span class=""hCCjke vzX5Ic google-symbols NhBTye""></span></span><span class=""rsqaWe"">a year ago</span><div class=""Tuisuc""></div>",Nurullah Uzun,Falafel · $$
The Grey Performance Hall,"Kılınçarslan, Kılınçarslan Mah. Yeni Kapı Sk, Kocatepe Sk. No:11, 07100 Muratpaşa/Antalya- ","Kaleiçinde ki muazzam güzel yerlerden biri.
İster bar bölümünde  canlı müzik dinleyin.
İster sokata bulunan sandalyelerde sohbetleyin …","<span class=""kvMYJc"" role=""img"" aria-label=""5 stars""><span class=""hCCjke vzX5Ic google-symbols NhBTye""></span><span class=""hCCjke vzX5Ic google-symbols NhBTye""></span><span class=""hCCjke vzX5Ic google-symbols NhBTye""></span><span class=""hCCjke vzX5Ic google-symbols NhBTye""></span><span class=""hCCjke vzX5Ic google-symbols NhBTye""></span></span><span class=""rsqaWe"">a year ago</span><div class=""Tuisuc""></div>",Nurullah Uzun,Night club
Mantarevi Restaurant,"D350 Datköy, 07000 Korkuteli/Antalya- ",Ya mantar çorbası efsane değilmi. Her geliş geçiş menüden bişey mi yesem diye düşünüyorum. Lezzet kalitesi uzun yıllar böyle kalır umarım. Çorbanın içilmiş fotosunu koydum.o kadar lezzetliydi ki fotoğraf çekmeyi unutmuşum. /Düzeltme 01.05.2022 Bu ikinci gelişim aylar sonra ve her tad aynı.,"<span class=""kvMYJc"" role=""img"" aria-label=""5 stars""><span class=""hCCjke vzX5Ic google-symbols NhBTye""></span><span class=""hCCjke vzX5Ic google-symbols NhBTye""></span><span class=""hCCjke vzX5Ic google-symbols NhBTye""></span><span class=""hCCjke vzX5Ic google-symbols NhBTye""></span><span class=""hCCjke vzX5Ic google-symbols NhBTye""></span></span><span class=""rsqaWe"">a year ago</span><div class=""Tuisuc""></div>",Nurullah Uzun,Restaurant · $$
Ekleristan Muratpaşa,"Muratpaşa, Abdi İpekçi Cd. 30/B, 07030 Muratpaşa/Antalya- ",Daha buraya gitmedim gidilecek yerler olarak ekledim. Herkes 5 yıldız vermiş. Şimdilik bende 5 yıldız verdim. Gidip yiyince değerlendiricem. 😏 ama aklım kaldı …,"<span class=""kvMYJc"" role=""img"" aria-label=""5 stars""><span class=""hCCjke vzX5Ic google-symbols NhBTye""></span><span class=""hCCjke vzX5Ic google-symbols NhBTye""></span><span class=""hCCjke vzX5Ic google-symbols NhBTye""></span><span class=""hCCjke vzX5Ic google-symbols NhBTye""></span><span class=""hCCjke vzX5Ic google-symbols NhBTye""></span></span><span class=""rsqaWe"">a year ago</span><div class=""Tuisuc""></div>",Nurullah Uzun,Dessert shop
LUNA GARDEN,"Barbaros, Kocatepe Sk. No:4, 07000 Muratpaşa/Antalya- ",İki delikanlı karşılıklı gidip bi kahve içelim dedik onda da yanında pamukşeker geldi. Bizim delikanlılık bi tarafta kaldı. Kahveyle pamukşeker yedik çocuk gibi . Bana çok abzürt geldi 🤭 …,"<span class=""kvMYJc"" role=""img"" aria-label=""5 stars""><span class=""hCCjke vzX5Ic google-symbols NhBTye""></span><span class=""hCCjke vzX5Ic google-symbols NhBTye""></span><span class=""hCCjke vzX5Ic google-symbols NhBTye""></span><span class=""hCCjke vzX5Ic google-symbols NhBTye""></span><span class=""hCCjke vzX5Ic google-symbols NhBTye""></span></span><span class=""rsqaWe"">a year ago</span><div class=""Tuisuc""></div>",Nurullah Uzun,Restaurant · $$
A101,"Haşimişcan, Arık Cd. 10a, 07100 Muratpaşa/Antalya- ","Aâaaaaaaaaaaa101 harca harca bitmez demicem  artık orda da biter oldu. Bu ülke nereye gidiyor. A101 e tabiki de;
🤭 şaka bi yana a101 bile bazen ekonomiyi sarsıyorsa ekonominin bişeyi bişey olmuş. …","<span class=""kvMYJc"" role=""img"" aria-label=""5 stars""><span class=""hCCjke vzX5Ic google-symbols NhBTye""></span><span class=""hCCjke vzX5Ic google-symbols NhBTye""></span><span class=""hCCjke vzX5Ic google-symbols NhBTye""></span><span class=""hCCjke vzX5Ic google-symbols NhBTye""></span><span class=""hCCjke vzX5Ic google-symbols NhBTye""></span></span><span class=""rsqaWe"">a year ago</span><div class=""Tuisuc""></div>",Nurullah Uzun,Discount supermarket
Doğu Garajı,"Yüksekalan, Ali Çetinkaya Cd., 07100 Muratpaşa/Antalya- ",Antalyanın efsabe tiyayro salonu geliyor. 640 kişilik müzikal ve tiyatroların yapılacağı yeri göğü sallayacak kültür ve sanat fabrikası çok yakında.,"<span class=""kvMYJc"" role=""img"" aria-label=""5 stars""><span class=""hCCjke vzX5Ic google-symbols NhBTye""></span><span class=""hCCjke vzX5Ic google-symbols NhBTye""></span><span class=""hCCjke vzX5Ic google-symbols NhBTye""></span><span class=""hCCjke vzX5Ic google-symbols NhBTye""></span><span class=""hCCjke vzX5Ic google-symbols NhBTye""></span></span><span class=""rsqaWe"">a year ago</span><div class=""Tuisuc""></div>",Nurullah Uzun,Shopping mall
Belek Cafe&Bistro Kadraj,"Belek, Atıf Zengin Cd. NO 10/A, 07506 Serik/Antalya- ",Bir motor gezisi sayesinde rastgele girdik. Çayları güzelmiş beğendim. Garsonların müşteri ile alakası da güzel gidince rahat ederek keyifli bir zaman geçirirsiniz,"<span class=""kvMYJc"" role=""img"" aria-label=""5 stars""><span class=""hCCjke vzX5Ic google-symbols NhBTye""></span><span class=""hCCjke vzX5Ic google-symbols NhBTye""></span><span class=""hCCjke vzX5Ic google-symbols NhBTye""></span><span class=""hCCjke vzX5Ic google-symbols NhBTye""></span><span class=""hCCjke vzX5Ic google-symbols NhBTye""></span></span><span class=""rsqaWe"">a year ago</span><div class=""Tuisuc""></div>",Nurullah Uzun,Cafe
Simurg Cafe & Bar,"Selçuk, Tabakhane Sk., 07100 Muratpaşa/Antalya- ",Antalyalıysanız ve bu yere gitmediyseniz gidin bence. İşletme tamamen keyfiniz için çalışıyor. Fiyatlar da alışveriş sistemi de 10 numara,"<span class=""kvMYJc"" role=""img"" aria-label=""5 stars""><span class=""hCCjke vzX5Ic google-symbols NhBTye""></span><span class=""hCCjke vzX5Ic google-symbols NhBTye""></span><span class=""hCCjke vzX5Ic google-symbols NhBTye""></span><span class=""hCCjke vzX5Ic google-symbols NhBTye""></span><span class=""hCCjke vzX5Ic google-symbols NhBTye""></span></span><span class=""rsqaWe"">a year ago</span><div class=""Tuisuc""></div>",Nurullah Uzun,Bar · $$
Akra Hotel,"Şirinyalı, Lara Cd. No:24, 07100 Muratpaşa/Antalya- ",İş için kafeteryasını kullanırız. Gayet nezih bir  bir yer. Alt kısımda da 251 soul var güzel müzik yapıyorlar.,"<span class=""kvMYJc"" role=""img"" aria-label=""5 stars""><span class=""hCCjke vzX5Ic google-symbols NhBTye""></span><span class=""hCCjke vzX5Ic google-symbols NhBTye""></span><span class=""hCCjke vzX5Ic google-symbols NhBTye""></span><span class=""hCCjke vzX5Ic google-symbols NhBTye""></span><span class=""hCCjke vzX5Ic google-symbols NhBTye""></span></span><span class=""rsqaWe"">a year ago</span><div class=""Tuisuc""></div>",Nurullah Uzun,Hotel
Efe tost,"Demircikara, yaşarhanım apartmanı, Narenciye Cd. 17/a, 07100 Muratpaşa/Antalya- ",Ben nohut pilav yedim yanlız midyelerinden yiyen bir arkadaşım güzel olduğunu söyledi herkese afiyet olsun.,"<span class=""kvMYJc"" role=""img"" aria-label=""4 stars""><span class=""hCCjke vzX5Ic google-symbols NhBTye""></span><span class=""hCCjke vzX5Ic google-symbols NhBTye""></span><span class=""hCCjke vzX5Ic google-symbols NhBTye""></span><span class=""hCCjke vzX5Ic google-symbols NhBTye""></span><span class=""hCCjke google-symbols NhBTye""></span></span><span class=""rsqaWe"">a year ago</span><div class=""Tuisuc""></div>",Nurullah Uzun,Toast restaurant
Elemeği Cafe & Fastfood - İzmir Kumru & Tost Çeşitleri,"Zafer, Elemeği Parkı, Mithat Paşa Cd. No:140, 07020 Kepez/Antalya- ",Uzun zamandır bu kafenin yakınında otururum 35 yıl kadar hiç gidip oturmamıştım. Bi kaşarlı tost yemişim ki ben  tuttum burayı,"<span class=""kvMYJc"" role=""img"" aria-label=""4 stars""><span class=""hCCjke vzX5Ic google-symbols NhBTye""></span><span class=""hCCjke vzX5Ic google-symbols NhBTye""></span><span class=""hCCjke vzX5Ic google-symbols NhBTye""></span><span class=""hCCjke vzX5Ic google-symbols NhBTye""></span><span class=""hCCjke google-symbols NhBTye""></span></span><span class=""rsqaWe"">a year ago</span><div class=""Tuisuc""></div>",Nurullah Uzun,Cafe
İstasyon 1923,"Okul Mahallesi, Isparta - Eğirdir Yolu No 19, 32110 Kuleönü/Merkez/Isparta- ","Eğirdir yolunda bulunan açık ve kapalı alana sahip, çalışanları saygılı bir işletme. Hafta sonu kahvaltı yapabilmek için rezervasyon oluşturmanız gerekiyor. Otoparkı mevcut, kamelyaları pelet sobası ile ısınıyor. 4 kişi için 2 kişilik …","<span class=""kvMYJc"" role=""img"" aria-label=""5 stars""><span class=""hCCjke vzX5Ic google-symbols NhBTye""></span><span class=""hCCjke vzX5Ic google-symbols NhBTye""></span><span class=""hCCjke vzX5Ic google-symbols NhBTye""></span><span class=""hCCjke vzX5Ic google-symbols NhBTye""></span><span class=""hCCjke vzX5Ic google-symbols NhBTye""></span></span><span class=""rsqaWe"">4 days ago</span><div class=""Tuisuc""></div>",Serdar Yetisen,Restaurant
Aliya Mutfak - World Cuisine & Home Cooking,"Çünür, Çünür Mahallesi, Süleyman Demirel Üniversitesi Doğu Yerleşkesi 102. Cadde, No:248/5A Dükkan No: 17-18, 32200 Merkez/Isparta- ","Pandemi zamanında açılmış bir aile işletmesi. Çalışanlar oldukça saygılı, yemekler de bir o kadar lezzetli. Öglen saatlerinde oldukça kalabalık oluyor. Yemek sonrasında mutlaka çay ikramı var, günde iki çeşit çorba servisleri var. …","<span class=""kvMYJc"" role=""img"" aria-label=""5 stars""><span class=""hCCjke vzX5Ic google-symbols NhBTye""></span><span class=""hCCjke vzX5Ic google-symbols NhBTye""></span><span class=""hCCjke vzX5Ic google-symbols NhBTye""></span><span class=""hCCjke vzX5Ic google-symbols NhBTye""></span><span class=""hCCjke vzX5Ic google-symbols NhBTye""></span></span><span class=""rsqaWe"">a week ago</span><div class=""Tuisuc""></div>",Serdar Yetisen,Restaurant
Gökçay Mesireliği,"Doğancı, 2411. Sk. No:8, 32040 Isparta Merkez/Isparta- ","Belirli saatlerde oldukça kalabalık, çocuklar için geniş bir park alanına sahip, yukarı tarafında yer alan kirazlıdereden manzara güzel görünüyor. Kalabalık saatler dışında dinlenmek için güzel bir yer, yeni açılan otopark alanının aydınlatmaya ihtiyacı var.","<span class=""kvMYJc"" role=""img"" aria-label=""4 stars""><span class=""hCCjke vzX5Ic google-symbols NhBTye""></span><span class=""hCCjke vzX5Ic google-symbols NhBTye""></span><span class=""hCCjke vzX5Ic google-symbols NhBTye""></span><span class=""hCCjke vzX5Ic google-symbols NhBTye""></span><span class=""hCCjke google-symbols NhBTye""></span></span><span class=""rsqaWe"">a week ago</span><div class=""Tuisuc""></div>",Serdar Yetisen,Park
Çikolata Evim Isparta,"Modern Evler Mahallesi Süleyman Demirel Caddesi No :86-88, 32200 Merkez/Isparta- ",Isparta Uygulamalı Bilimler Üniversitesi Rektörlük binası karşısında yer alan bir işletme. Aynı zamanda orjinal Belçika Çikolatası satın alabileceğiniz bir yer. Belçika Çikolatası'nın kilogram fiyatı 1150 Türk Lirası. Çalışanları oldukça …,"<span class=""kvMYJc"" role=""img"" aria-label=""5 stars""><span class=""hCCjke vzX5Ic google-symbols NhBTye""></span><span class=""hCCjke vzX5Ic google-symbols NhBTye""></span><span class=""hCCjke vzX5Ic google-symbols NhBTye""></span><span class=""hCCjke vzX5Ic google-symbols NhBTye""></span><span class=""hCCjke vzX5Ic google-symbols NhBTye""></span></span><span class=""rsqaWe"">3 weeks ago</span><div class=""Tuisuc""></div>",Serdar Yetisen,Chocolate shop
RHAPSODY COFFEE CO.,"Sülübey, Çınar Cd. No:95, 32040 Merkez/Isparta- ","Çayboyu'nda yer alan pandemide açılan bir aile işletmesi. Açık ve kapalı alanı bulunan, sıcak, sessiz, temiz bir ortam. Aynı zamanda hayvansever bir işletme. Kahve çesitlerinin yanında ev yapımı kurabiye, kek alternatifleri var. Yürüyüş …","<span class=""kvMYJc"" role=""img"" aria-label=""5 stars""><span class=""hCCjke vzX5Ic google-symbols NhBTye""></span><span class=""hCCjke vzX5Ic google-symbols NhBTye""></span><span class=""hCCjke vzX5Ic google-symbols NhBTye""></span><span class=""hCCjke vzX5Ic google-symbols NhBTye""></span><span class=""hCCjke vzX5Ic google-symbols NhBTye""></span></span><span class=""rsqaWe"">3 weeks ago</span><div class=""Tuisuc""></div>",Serdar Yetisen,Coffee shop
Ferah Kebap Salonu,"Kutlubey Mah. 120. Cad, Atatürk Parkı İçi No:13, 32100 Isparta Merkez/Isparta- ",Isparta Merkez'de Atatürk Parkı'nın arkasında hizmet veren bir işletme. Çorba yanında sıcak tırnak pidesi getiriyorlar. Yemek öncesinde salata servis ediyorlar. Kuşbaşı-kaşarlı pidesi oldukça lezzetli. Güveç yaklaşık yarım saatte …,"<span class=""kvMYJc"" role=""img"" aria-label=""5 stars""><span class=""hCCjke vzX5Ic google-symbols NhBTye""></span><span class=""hCCjke vzX5Ic google-symbols NhBTye""></span><span class=""hCCjke vzX5Ic google-symbols NhBTye""></span><span class=""hCCjke vzX5Ic google-symbols NhBTye""></span><span class=""hCCjke vzX5Ic google-symbols NhBTye""></span></span><span class=""rsqaWe"">3 weeks ago</span><div class=""Tuisuc""></div>",Serdar Yetisen,Kebab shop · $$
Cadı'nın Evi Isparta,"Fatih, Ertokuş Cd. No:2 Kapı No:1, 32200 Merkez/Isparta- ",Iyaşpark'ın hemen karşısında yer alan ve yakın zamanda faaliyete geçen bir işletme. Çalışanları oldukça saygılı. Açık ve kapalı alanı var. Ancak kapalı alanı küçük olduğu için rezervasyon yaptırarak gitmelisiniz. Çocuk oyun alanı …,"<span class=""kvMYJc"" role=""img"" aria-label=""5 stars""><span class=""hCCjke vzX5Ic google-symbols NhBTye""></span><span class=""hCCjke vzX5Ic google-symbols NhBTye""></span><span class=""hCCjke vzX5Ic google-symbols NhBTye""></span><span class=""hCCjke vzX5Ic google-symbols NhBTye""></span><span class=""hCCjke vzX5Ic google-symbols NhBTye""></span></span><span class=""rsqaWe"">4 weeks ago</span><div class=""Tuisuc""></div>",Serdar Yetisen,Chocolate shop
Pala’nın Yeri,"Çünür, Süleyman Demirel Cd. No:167, 32200 Isparta Merkez/Isparta- ","Ciğeri harika, yemek öncesi servis edilen mezeleri yeterince doyurucu ve en önemlisi ev yapimi şalgamını mutlaka denemelisiniz. İşyeri sahibinin ilgi ve alakasi ile memnun kaldığımız bu yerin farklı lezzetlerini deneyimlemek için tekrar …","<span class=""kvMYJc"" role=""img"" aria-label=""5 stars""><span class=""hCCjke vzX5Ic google-symbols NhBTye""></span><span class=""hCCjke vzX5Ic google-symbols NhBTye""></span><span class=""hCCjke vzX5Ic google-symbols NhBTye""></span><span class=""hCCjke vzX5Ic google-symbols NhBTye""></span><span class=""hCCjke vzX5Ic google-symbols NhBTye""></span></span><span class=""rsqaWe"">4 weeks ago</span><div class=""Tuisuc""></div>",Serdar Yetisen,Restaurant
Route Burger House,"Fatih, Fatih 4555. Sokak No:6 /1 Merkez, 4555. Sk. No:6, 32200 Isparta Merkez/Isparta- ","Adliyenin hemen karşısında yer alan, daha önceden Route Burger House ismi ile bilinen bir işletme. Crispy Chickhen, Cheeseburger ve New Age burger sipariş ettik. Cheeseburger yanmış bir sekilde geldi ve değiştirilmesini talep ettim, talebim …","<span class=""kvMYJc"" role=""img"" aria-label=""4 stars""><span class=""hCCjke vzX5Ic google-symbols NhBTye""></span><span class=""hCCjke vzX5Ic google-symbols NhBTye""></span><span class=""hCCjke vzX5Ic google-symbols NhBTye""></span><span class=""hCCjke vzX5Ic google-symbols NhBTye""></span><span class=""hCCjke google-symbols NhBTye""></span></span><span class=""rsqaWe"">a month ago</span><div class=""Tuisuc""></div>",Serdar Yetisen,Hamburger · $$
The Big Man Konyaaltı,"Muratpaşa, Konyaaltı Cd. Atatürk Parkı İçi, 07050 Muratpaşa/Antalya- ","Atatürk Parkı içinde bulunan bir işletme. Denize karşı kahvaltı yapabilir, çay-kahve içip arkadaşlarınızla vakit geçirebilirsiniz. Tatlı olarak profiterol denedik, oldukça lezzetliydi. Hafta sonları kalabalık olduğu için falezlere yakın …","<span class=""kvMYJc"" role=""img"" aria-label=""5 stars""><span class=""hCCjke vzX5Ic google-symbols NhBTye""></span><span class=""hCCjke vzX5Ic google-symbols NhBTye""></span><span class=""hCCjke vzX5Ic google-symbols NhBTye""></span><span class=""hCCjke vzX5Ic google-symbols NhBTye""></span><span class=""hCCjke vzX5Ic google-symbols NhBTye""></span></span><span class=""rsqaWe"">a month ago</span><div class=""Tuisuc""></div>",Serdar Yetisen,Restaurant · $$
Meşhur Aksu Şimsek Köfteci İsa,"Merkez, Ziraat Bankası yanı, Serik Cad üzeri, 07112 Aksu/Antalya- ","Antalya'da bulunan bir işletme. Bir porsiyon köfte ile birlikte su, ayran, tatlı ikram ediyorlar. Köftesi oldukça lezzetli. Köfte yanında piyaz isterseniz hazırlıyorlar. Yemek sonrası çay servisleri var. Otoparkı mevcut. Kredi kartı, yemek kartı ve nakit ödeme seçenekleri var.","<span class=""kvMYJc"" role=""img"" aria-label=""5 stars""><span class=""hCCjke vzX5Ic google-symbols NhBTye""></span><span class=""hCCjke vzX5Ic google-symbols NhBTye""></span><span class=""hCCjke vzX5Ic google-symbols NhBTye""></span><span class=""hCCjke vzX5Ic google-symbols NhBTye""></span><span class=""hCCjke vzX5Ic google-symbols NhBTye""></span></span><span class=""rsqaWe"">2 months ago</span><div class=""Tuisuc""></div>",Serdar Yetisen,Kofta restaurant · $$
Çayırbağlı Rot Balans,"Güvenevler, 602. Sk., 03030 Afyonkarahisar Merkez/Afyonkarahisar- ","Gazi usta ve ekibine lastik değişimi, saklaması, rot-balans işlemlerinizde güvenebilirsiniz. Kredi kartı ile işlem yapılmıyor, bu nedenle yanınızda nakit bulundurmalısınız. Hafta sonu yoğunluk oluyor ancak aracınızı bırakıp hemen yakınındaki Park Afyon'da vakit geçirebilirsiniz","<span class=""kvMYJc"" role=""img"" aria-label=""5 stars""><span class=""hCCjke vzX5Ic google-symbols NhBTye""></span><span class=""hCCjke vzX5Ic google-symbols NhBTye""></span><span class=""hCCjke vzX5Ic google-symbols NhBTye""></span><span class=""hCCjke vzX5Ic google-symbols NhBTye""></span><span class=""hCCjke vzX5Ic google-symbols NhBTye""></span></span><span class=""rsqaWe"">2 months ago</span><div class=""Tuisuc""></div>",Serdar Yetisen,Car repair and maintenance service
Günnaz Salep Boza,"Kutlubey, 1008. Sk. No:5, 32100 Isparta Merkez/Isparta- ",Mimar Sinan Camisi'nden Turktelekom'a doğru giderken sağ tarafta bulunan bir işletme. Salep ve boza satışı yapıyorlar. Bozayı paketlenmiş olarak alabiliyorsunuz. Yakınında ucretli otopark var. Çocuk oyun alanı bulunmuyor ve sadece nakit ödeme alıyorlar.,"<span class=""kvMYJc"" role=""img"" aria-label=""5 stars""><span class=""hCCjke vzX5Ic google-symbols NhBTye""></span><span class=""hCCjke vzX5Ic google-symbols NhBTye""></span><span class=""hCCjke vzX5Ic google-symbols NhBTye""></span><span class=""hCCjke vzX5Ic google-symbols NhBTye""></span><span class=""hCCjke vzX5Ic google-symbols NhBTye""></span></span><span class=""rsqaWe"">2 months ago</span><div class=""Tuisuc""></div>",Serdar Yetisen,Restaurant · $$
Antre Kitchen Ala,"Çünür, Süleyman Demirel Cd. İyaş Bulvar AVM No:167-171, 32000 Merkez/Isparta- ","Iyaş Bulvar AVM'de yer alan bir işletme. İskenderi oldukça güzel ancak pastırmalı zırh kebabı biraz daha pişirilebilirdi. Yemek öncesi ikram edilen mezeler de oldukça lezzetli. Servis personeli oldukça güleryüzlü, yemek sonrası çay kahve …","<span class=""kvMYJc"" role=""img"" aria-label=""5 stars""><span class=""hCCjke vzX5Ic google-symbols NhBTye""></span><span class=""hCCjke vzX5Ic google-symbols NhBTye""></span><span class=""hCCjke vzX5Ic google-symbols NhBTye""></span><span class=""hCCjke vzX5Ic google-symbols NhBTye""></span><span class=""hCCjke vzX5Ic google-symbols NhBTye""></span></span><span class=""rsqaWe"">2 months ago</span><div class=""Tuisuc""></div>",Serdar Yetisen,Restaurant
Mado Iyaşpark,"Bahçelievler Mah. Ertokuş Cad. Iyaş Park AVM Zemin Kat no:Z05, 32200 Isparta- ","Serin bir Isparta akşamında dondurmalı ve normal sahlep içip sohbet etmek için uğradık. Iyaşpark'ın girişinde bulunuyor, açık ve kapalı otopark ile çocuk oyun alanı var. Kredi kartı, yemek kartı ve nakit ödeme imkanı mevcut. Dondurma, pasta …","<span class=""kvMYJc"" role=""img"" aria-label=""5 stars""><span class=""hCCjke vzX5Ic google-symbols NhBTye""></span><span class=""hCCjke vzX5Ic google-symbols NhBTye""></span><span class=""hCCjke vzX5Ic google-symbols NhBTye""></span><span class=""hCCjke vzX5Ic google-symbols NhBTye""></span><span class=""hCCjke vzX5Ic google-symbols NhBTye""></span></span><span class=""rsqaWe"">2 months ago</span><div class=""Tuisuc""></div>",Serdar Yetisen,
Çıtır Balık,"Kılınçarslan, Atatürk Cd. No:79, 07100 Muratpaşa/Antalya- ","Küçük bir işletme olmasına rağmen oldukça lezzetli balık ve kalamar yapıyorlar. Bunların yanında sınırsız salata sunumları var. Balık sonrası dondurmalı irmik helvasını denemelisiniz. Çocuk oyun alanı bulunmuyor, yürüme mesafesinde ücretli …","<span class=""kvMYJc"" role=""img"" aria-label=""5 stars""><span class=""hCCjke vzX5Ic google-symbols NhBTye""></span><span class=""hCCjke vzX5Ic google-symbols NhBTye""></span><span class=""hCCjke vzX5Ic google-symbols NhBTye""></span><span class=""hCCjke vzX5Ic google-symbols NhBTye""></span><span class=""hCCjke vzX5Ic google-symbols NhBTye""></span></span><span class=""rsqaWe"">2 months ago</span><div class=""Tuisuc""></div>",Serdar Yetisen,Fish restaurant · $
Başoğlu Balık & Restaurant,"Altınkum, Atatürk Blv. 126/A, 07070 Konyaaltı/Antalya- ",Alkollü bir işletme olması nedeniyle fiyatları biraz yüksek. Hafta sonu oldukça kalabalık ve gürültü nedeniyle insanlar birbirini duyamıyor. Kalamarı lezzetli ancak balığın biraz daha kızartılarak servis edilmesi gerekiyor. Hamsili pilavı …,"<span class=""kvMYJc"" role=""img"" aria-label=""4 stars""><span class=""hCCjke vzX5Ic google-symbols NhBTye""></span><span class=""hCCjke vzX5Ic google-symbols NhBTye""></span><span class=""hCCjke vzX5Ic google-symbols NhBTye""></span><span class=""hCCjke vzX5Ic google-symbols NhBTye""></span><span class=""hCCjke google-symbols NhBTye""></span></span><span class=""rsqaWe"">2 months ago</span><div class=""Tuisuc""></div>",Serdar Yetisen,Fish restaurant · $$$
Konyaaltı Uygulama Oteli,"Gürsu, 07070 Konyaaltı/Antalya- ","Odaları L tipi düzene sahip, odalarda iki kişilik (çok uzun boylu bireyler için uygun değil) ve tek kişilik yatak bulunuyor. Odada buzdolabı, elbise dolabı, televizyon var. Odalar klima ile ısıtılıyor. Biraz eski olmasına rağmen sürekli …","<span class=""kvMYJc"" role=""img"" aria-label=""3 stars""><span class=""hCCjke vzX5Ic google-symbols NhBTye""></span><span class=""hCCjke vzX5Ic google-symbols NhBTye""></span><span class=""hCCjke vzX5Ic google-symbols NhBTye""></span><span class=""hCCjke google-symbols NhBTye""></span><span class=""hCCjke google-symbols NhBTye""></span></span><span class=""rsqaWe"">2 months ago</span><div class=""Tuisuc""></div>",Serdar Yetisen,
Alaçatı Muhallebicisi Konyaaltı,"Gürsu, Gazi Mustafa Kemal Blv. No:1, 07070 Konyaaltı/Antalya- ","Konyaaltı'nda yürüyüş yaptıktan sonra mola verebileceğiniz bir yer. Farklı günlerde tavuk göğsü muhallebi, profiterol, kadife pasta ve fındıklı pasta deneyimledik ve oldukça lezzetliydi. Çalışanları oldukça saygılı. Aracınızı yol kenarına park ediyorsunuz. Kredi kartı ile ödeme imkanınız var. Çocuk oyun alanı bulunmuyor.","<span class=""kvMYJc"" role=""img"" aria-label=""5 stars""><span class=""hCCjke vzX5Ic google-symbols NhBTye""></span><span class=""hCCjke vzX5Ic google-symbols NhBTye""></span><span class=""hCCjke vzX5Ic google-symbols NhBTye""></span><span class=""hCCjke vzX5Ic google-symbols NhBTye""></span><span class=""hCCjke vzX5Ic google-symbols NhBTye""></span></span><span class=""rsqaWe"">2 months ago</span><div class=""Tuisuc""></div>",Serdar Yetisen,Cafe · $$
The Beaver Coffee Shop Kent Meydanı,"Altınkum, 25 nolu beach, Akdeniz Blv., 07050 Konyaaltı/Antalya- ","Denize karşı kahvenizi içebileceginiz, bir yorgunluk molası verebileceğiniz hayvansever bir işletme. Smoke coffee ve Coffee Pistachino deneyimledik. Ikisi de hafif olmakla birlikte farklı lezzetlere sahip. Alternatif kahve seçenekleri var. …","<span class=""kvMYJc"" role=""img"" aria-label=""5 stars""><span class=""hCCjke vzX5Ic google-symbols NhBTye""></span><span class=""hCCjke vzX5Ic google-symbols NhBTye""></span><span class=""hCCjke vzX5Ic google-symbols NhBTye""></span><span class=""hCCjke vzX5Ic google-symbols NhBTye""></span><span class=""hCCjke vzX5Ic google-symbols NhBTye""></span></span><span class=""rsqaWe"">2 months ago</span><div class=""Tuisuc""></div>",Serdar Yetisen,Cafe · $$
Lassa Afyon ÖZKAN OTOMOTİV,"Güvenevler, Şht. Selçuk Gürdal Cd. 13/A, 03030 Afyonkarahisar Merkez/Afyonkarahisar- ","Lassa Lastik ile çelik jant satışı ve saklama hizmeti veren bir işletme, yaz ve kış sezonu başında lastik değişimi için yoğunluk yaşanıyor. İşleminiz bitene kadar çay içebileceginiz bir bekleme salonu var. İmkanlar çerçevesinde kredi kartına taksitli işlem yapabiliyorlar.","<span class=""kvMYJc"" role=""img"" aria-label=""5 stars""><span class=""hCCjke vzX5Ic google-symbols NhBTye""></span><span class=""hCCjke vzX5Ic google-symbols NhBTye""></span><span class=""hCCjke vzX5Ic google-symbols NhBTye""></span><span class=""hCCjke vzX5Ic google-symbols NhBTye""></span><span class=""hCCjke vzX5Ic google-symbols NhBTye""></span></span><span class=""rsqaWe"">3 months ago</span><div class=""Tuisuc""></div>",Serdar Yetisen,Wheel store
Şekerpare Pastaevi,"Keçeci, 44, Hilmi Çakmakçı Cd., 32040 Isparta Merkez- ",Isparta Uygulamalı Bilimler Üniversitesi için yapılan yeni binadan Gökçay'a doğru giderken ışıklara gelmeden sağ tarafta bulunan bir işletme. Kurupastalarından buram buram tereyağı tadını alıyorsunuz. Mekan içinde oturabileceginiz bir alan …,"<span class=""kvMYJc"" role=""img"" aria-label=""5 stars""><span class=""hCCjke vzX5Ic google-symbols NhBTye""></span><span class=""hCCjke vzX5Ic google-symbols NhBTye""></span><span class=""hCCjke vzX5Ic google-symbols NhBTye""></span><span class=""hCCjke vzX5Ic google-symbols NhBTye""></span><span class=""hCCjke vzX5Ic google-symbols NhBTye""></span></span><span class=""rsqaWe"">3 months ago</span><div class=""Tuisuc""></div>",Serdar Yetisen,Patisserie
Afyonkarahisar Castle,"Kale Mah., 03100 Merkez/Afyonkarahisar Merkez/Afyonkarahisar- ","Şimdilik merdiven aracılığıyla çıkılıyor, merdivenlerin başında magnet benzeri satanlar sizi karşılıyor, daha sonra cay kahve icebileceginiz bir yer var. Merdivenler tamamlandıktan sonra kaleye ulaşıyorsunuz ve harika bir şehir manzarası …","<span class=""kvMYJc"" role=""img"" aria-label=""5 stars""><span class=""hCCjke vzX5Ic google-symbols NhBTye""></span><span class=""hCCjke vzX5Ic google-symbols NhBTye""></span><span class=""hCCjke vzX5Ic google-symbols NhBTye""></span><span class=""hCCjke vzX5Ic google-symbols NhBTye""></span><span class=""hCCjke vzX5Ic google-symbols NhBTye""></span></span><span class=""rsqaWe"">3 months ago</span><div class=""Tuisuc""></div>",Serdar Yetisen,Fortress
Otel Carpe Diem Gold,"Kale Mh. No:150, 07000 Finike/Antalya- ","Finike'de liman yakınında kendi plajı olan bir tesis. Odalar temiz ve çalışanlar oldukça saygılı. 501 numaralı odada konakladım ve odadan çektiğim fotoğrafları ekledim. Odada mini buzdolabı, televizyon bulunuyor. Sabah kahvaltısı oldukça …","<span class=""kvMYJc"" role=""img"" aria-label=""5 stars""><span class=""hCCjke vzX5Ic google-symbols NhBTye""></span><span class=""hCCjke vzX5Ic google-symbols NhBTye""></span><span class=""hCCjke vzX5Ic google-symbols NhBTye""></span><span class=""hCCjke vzX5Ic google-symbols NhBTye""></span><span class=""hCCjke vzX5Ic google-symbols NhBTye""></span></span><span class=""rsqaWe"">4 months ago</span><div class=""Tuisuc""></div>",Serdar Yetisen,Hotel
Öz Şen Baba Kebap Salonu,"Karyağdı, Hükümet Cd., 07700 Elmalı/Antalya- ","Finike dönüşü öneri üzerine Elmalı'da mola verdik ve Öz Şen Baba Kebap Salonu'na uğradık. Porsiyon köfte, piyaz ve un helvası sipariş ettik. Köftesi ve yanında getirilen domates oldukça lezzetli, biberleri oldukça acı; un helvasına tarçın …","<span class=""kvMYJc"" role=""img"" aria-label=""3 stars""><span class=""hCCjke vzX5Ic google-symbols NhBTye""></span><span class=""hCCjke vzX5Ic google-symbols NhBTye""></span><span class=""hCCjke vzX5Ic google-symbols NhBTye""></span><span class=""hCCjke google-symbols NhBTye""></span><span class=""hCCjke google-symbols NhBTye""></span></span><span class=""rsqaWe"">4 months ago</span><div class=""Tuisuc""></div>",Serdar Yetisen,Kebab shop · $$
Dondurmacı Hasan Aile Çay Bahçesi,"Eski Mahalle Atatürk Parki içi, Şerbetçi Blv., 07740 Finike/Antalya- ","Finike merkezde liman yakınında bulunan küçük bir işletme. Kakao, çilek ve yanık dondurma olmak üzere üç çesit dondurma servisi var. Yanık ve cilekli dondurma muhteşem bir ikili. Limanda yürüdükten sonra uğrayıp biraz dinlenebilirsiniz. …","<span class=""kvMYJc"" role=""img"" aria-label=""5 stars""><span class=""hCCjke vzX5Ic google-symbols NhBTye""></span><span class=""hCCjke vzX5Ic google-symbols NhBTye""></span><span class=""hCCjke vzX5Ic google-symbols NhBTye""></span><span class=""hCCjke vzX5Ic google-symbols NhBTye""></span><span class=""hCCjke vzX5Ic google-symbols NhBTye""></span></span><span class=""rsqaWe"">4 months ago</span><div class=""Tuisuc""></div>",Serdar Yetisen,Ice Cream
Neşeli Balık,"Eski, 108. Sk., 07740 Finike/Antalya- ","Bugün de Finike'de bulunan Neşeli Balık restaurantı ziyaret ettik. Baliklar izgarada veya yağda pisirilerek sipariş ediliyor. Yağda kuzu balığını, ızgarada pirzolayı denedik. Oldukça lezzetliydi. Meze alternatifleri çok fazla. Açık ve …","<span class=""kvMYJc"" role=""img"" aria-label=""5 stars""><span class=""hCCjke vzX5Ic google-symbols NhBTye""></span><span class=""hCCjke vzX5Ic google-symbols NhBTye""></span><span class=""hCCjke vzX5Ic google-symbols NhBTye""></span><span class=""hCCjke vzX5Ic google-symbols NhBTye""></span><span class=""hCCjke vzX5Ic google-symbols NhBTye""></span></span><span class=""rsqaWe"">4 months ago</span><div class=""Tuisuc""></div>",Serdar Yetisen,Fish restaurant · $$
Süleyman Demirel Universiy Library,"Kütüphane Ve Dokümantasyon Daire Başkanlığı Doğu Kampüsü, 32260 Merkez/Isparta- ","Bir üniversitenin en önemli birimi kütüphanesidir. Süleyman Demirel Üniversitesi kütüphanesi basılı ve elektronik şekilde oldukca fazla kaynağı bünyesinde barındırmakta, kullanıcılara bireysel ve toplu çalışma alanları sunmaktadır. 24 saat …","<span class=""kvMYJc"" role=""img"" aria-label=""5 stars""><span class=""hCCjke vzX5Ic google-symbols NhBTye""></span><span class=""hCCjke vzX5Ic google-symbols NhBTye""></span><span class=""hCCjke vzX5Ic google-symbols NhBTye""></span><span class=""hCCjke vzX5Ic google-symbols NhBTye""></span><span class=""hCCjke vzX5Ic google-symbols NhBTye""></span></span><span class=""rsqaWe"">4 months ago</span><div class=""Tuisuc""></div>",Serdar Yetisen,Library
Arzava Restaurant Eğirdir,"Kale Mah. Atayolu Cad. No:36 Eğirdir Limaniçi, Unnamed Road, 32500 Eğirdir/Isparta- ","Kahvaltısı, kahve sunumları harikaydı, personelin güler yüzü ve ilgisi inanılmazdı. Mutlaka deneyimlemelisiniz, gelmeden önce mutlaka rezervasyon yapmalısınız🙂 …","<span class=""kvMYJc"" role=""img"" aria-label=""5 stars""><span class=""hCCjke vzX5Ic google-symbols NhBTye""></span><span class=""hCCjke vzX5Ic google-symbols NhBTye""></span><span class=""hCCjke vzX5Ic google-symbols NhBTye""></span><span class=""hCCjke vzX5Ic google-symbols NhBTye""></span><span class=""hCCjke vzX5Ic google-symbols NhBTye""></span></span><span class=""rsqaWe"">4 months ago</span><div class=""Tuisuc""></div>",Serdar Yetisen,Restaurant · $$
Eğirdir Belediyesi Liman Sosyal Tesisleri,"Cami Mahallesi, Atayolu Eğirdir, 32500 Eğirdir/Isparta- ","Eğirdir Gölü kenarında, Ada girisine yakın belediye tarafından işletilen bir mekan. Self-servis olarak hizmet veriyor. Çocuklar için oyun alanı olmasa da göl kenarinda yürüyüş yapilabilmesi ve fiyatlarının uygun olması tercih …","<span class=""kvMYJc"" role=""img"" aria-label=""5 stars""><span class=""hCCjke vzX5Ic google-symbols NhBTye""></span><span class=""hCCjke vzX5Ic google-symbols NhBTye""></span><span class=""hCCjke vzX5Ic google-symbols NhBTye""></span><span class=""hCCjke vzX5Ic google-symbols NhBTye""></span><span class=""hCCjke vzX5Ic google-symbols NhBTye""></span></span><span class=""rsqaWe"">4 months ago</span><div class=""Tuisuc""></div>",Serdar Yetisen,Family-friendly
