Title,Image,d4r55,rfndt,rsqawe,wii7pd,Field,Text
See translation (English),https://lh5.googleusercontent.com/p/AF1QipMT4HgThjV04yT9eUGuh0toX98bJGbi4HEJ3RXF=w45-h45-p-k-no-rp-br100,MADO,"Bahçelievler Merkez, Kültür Sk. Metroport AVM D:2.Kat, 34580 Bahçelievler/İstanbul- ",2 weeks ago,"Mado fırsatçılıkta hiç  şaşırtmıyor Terasi ticari fırsata çeviren mantık… birde servis açmak deniyor Mado genel merkezine de yazdım umurlarında değil….
Servis yorumlarumlarıda asagıda","<span class=""kvMYJc"" role=""img"" aria-label=""1 star""><span class=""hCCjke vzX5Ic google-symbols NhBTye""></span><span class=""hCCjke google-symbols NhBTye""></span><span class=""hCCjke google-symbols NhBTye""></span><span class=""hCCjke google-symbols NhBTye""></span><span class=""hCCjke google-symbols NhBTye""></span></span><span class=""rsqaWe"">2 weeks ago</span><div class=""Tuisuc""></div>",Hurşit CANLI
See translation (English),https://lh5.googleusercontent.com/p/AF1QipOCCHGUQMZkKEk9Gv8LeosQVkGsFIEgy9SHSdji=w45-h45-p-k-no-rp-br100,Ozsut,"Bahçelievler Merkez, Kültür Sk. No: 1 D:86, 34180 Bahçelievler/İstanbul- ",a month ago,Kasada ki bayan daha terbiyeli olsa boş olunca her. Müşteriden kopartma derdi,"<span class=""kvMYJc"" role=""img"" aria-label=""1 star""><span class=""hCCjke vzX5Ic google-symbols NhBTye""></span><span class=""hCCjke google-symbols NhBTye""></span><span class=""hCCjke google-symbols NhBTye""></span><span class=""hCCjke google-symbols NhBTye""></span><span class=""hCCjke google-symbols NhBTye""></span></span><span class=""rsqaWe"">a month ago</span><div class=""Tuisuc""></div>",Hurşit CANLI
See translation (English),https://lh5.googleusercontent.com/p/AF1QipP_2wRnvDyiXK1BfFI_ulQw9d8wpOE-gNE2EMQO=w45-h45-p-k-no-rp-br100,Gloria Yapı Gayrimenkul,"Yakuplu, 106. Sokak, Ata Cd. No:1, 34009 Beylikdüzü/İstanbul- ",2 months ago,Yalan ilanla sizi davet edip bir şeyler çeviriyorlar,"<span class=""kvMYJc"" role=""img"" aria-label=""1 star""><span class=""hCCjke vzX5Ic google-symbols NhBTye""></span><span class=""hCCjke google-symbols NhBTye""></span><span class=""hCCjke google-symbols NhBTye""></span><span class=""hCCjke google-symbols NhBTye""></span><span class=""hCCjke google-symbols NhBTye""></span></span><span class=""rsqaWe"">2 months ago</span><div class=""Tuisuc""></div>",Hurşit CANLI
See translation (English),https://lh5.googleusercontent.com/p/AF1QipO2PG_9QboRqL3gax0NV-XDuuGoqevCYiGkoGBU=w45-h45-p-k-no-rp-br100,Ikbal,"Ayazağa, Cendere Cad. 109/C, 34396 Sarıyer/İstanbul- ",2 months ago,Yarım saat bekletip bayat  ekmeği bile satan mekan,"<span class=""kvMYJc"" role=""img"" aria-label=""1 star""><span class=""hCCjke vzX5Ic google-symbols NhBTye""></span><span class=""hCCjke google-symbols NhBTye""></span><span class=""hCCjke google-symbols NhBTye""></span><span class=""hCCjke google-symbols NhBTye""></span><span class=""hCCjke google-symbols NhBTye""></span></span><span class=""rsqaWe"">2 months ago</span><div class=""Tuisuc""></div>",Hurşit CANLI
See translation (English),https://lh5.googleusercontent.com/p/AF1QipOOFRlwwux9q3oj2d-Ama4Hj1li2C_EouPv2Ak2=w45-h45-p-k-no-rp-br100,AKDOĞAN PASTA & KEBAP RESTORAN KAHVALTI BAKLAVA,"Halkalı Merkez, Zeynebiye Cd. No:4, 34303 Küçükçekmece/İstanbul- ",3 months ago,"Yemek sonrası çayı Fiyata eklemiş
İkram Kültürü yok sanırım
Her restoran Çayı ikram eder burası satıyor","<span class=""kvMYJc"" role=""img"" aria-label=""1 star""><span class=""hCCjke vzX5Ic google-symbols NhBTye""></span><span class=""hCCjke google-symbols NhBTye""></span><span class=""hCCjke google-symbols NhBTye""></span><span class=""hCCjke google-symbols NhBTye""></span><span class=""hCCjke google-symbols NhBTye""></span></span><span class=""rsqaWe"">3 months ago</span><div class=""Tuisuc""></div>",Hurşit CANLI
,https://lh5.googleusercontent.com/p/AF1QipNXk1JPZyms_9gXncLQccfKfWjAn7RtEGwbT0GV=w45-h45-p-k-no-rp-br100,Nezih Cağ Kebap,"Gez Mahallesi Kombina Cad. No:17 Bostancıoğlu Sitesi Yanı, 25200 Yakutiye/Erzurum- ",4 months ago,,"<span class=""kvMYJc"" role=""img"" aria-label=""5 stars""><span class=""hCCjke vzX5Ic google-symbols NhBTye""></span><span class=""hCCjke vzX5Ic google-symbols NhBTye""></span><span class=""hCCjke vzX5Ic google-symbols NhBTye""></span><span class=""hCCjke vzX5Ic google-symbols NhBTye""></span><span class=""hCCjke vzX5Ic google-symbols NhBTye""></span></span><span class=""rsqaWe"">4 months ago</span><div class=""Tuisuc""></div>",Hurşit CANLI
,https://lh5.googleusercontent.com/p/AF1QipMgchXlkqWUr8D6-HJNEl7iDX43KLxtYh57PKyD=w45-h45-p-k-no-rp-br100,LG Yetkili Servis Merkezi İletişim Destek,"Cebeci, 2460. Sk., 34270 Sultangazi/İstanbul- ",4 months ago,,"<span class=""kvMYJc"" role=""img"" aria-label=""1 star""><span class=""hCCjke vzX5Ic google-symbols NhBTye""></span><span class=""hCCjke google-symbols NhBTye""></span><span class=""hCCjke google-symbols NhBTye""></span><span class=""hCCjke google-symbols NhBTye""></span><span class=""hCCjke google-symbols NhBTye""></span></span><span class=""rsqaWe"">4 months ago</span><div class=""Tuisuc""></div>",Hurşit CANLI
See translation (English),https://lh5.googleusercontent.com/p/AF1QipNdFQmhSoXiaagFsAcV50JeKfSaRf3-RqZfoiCr=w45-h45-p-k-no-rp-br100,Vatan Computer Topkapı,"Merkezefendi, Mevlana Cd. No:138, 34015 Zeytinburnu/İstanbul- ",4 months ago,"Eski Vatan değil mahalle ticaretine dönüştürmüş
En iyi Laptopu verin  sorun olmasın dedim laptop yavaş
Servis zaten çözüm üretmekten aciz","<span class=""kvMYJc"" role=""img"" aria-label=""1 star""><span class=""hCCjke vzX5Ic google-symbols NhBTye""></span><span class=""hCCjke google-symbols NhBTye""></span><span class=""hCCjke google-symbols NhBTye""></span><span class=""hCCjke google-symbols NhBTye""></span><span class=""hCCjke google-symbols NhBTye""></span></span><span class=""rsqaWe"">4 months ago</span><div class=""Tuisuc""></div>",Hurşit CANLI
,https://lh5.googleusercontent.com/p/AF1QipNkj4mQrqX0gCBgv8tGTPREJdRxxxABvtDFyyp0=w45-h45-p-k-no-rp-br100,Siteler Mahallesi Semt Pazarı,"Siteler, 07985 Konyaaltı/Antalya- ",6 months ago,,"<span class=""kvMYJc"" role=""img"" aria-label=""1 star""><span class=""hCCjke vzX5Ic google-symbols NhBTye""></span><span class=""hCCjke google-symbols NhBTye""></span><span class=""hCCjke google-symbols NhBTye""></span><span class=""hCCjke google-symbols NhBTye""></span><span class=""hCCjke google-symbols NhBTye""></span></span><span class=""rsqaWe"">6 months ago</span><div class=""Tuisuc""></div>",Hurşit CANLI
,https://lh5.googleusercontent.com/p/AF1QipPWM81qDD7oqOsgeTZ7vwvqoHTmKni3fMRo5viY=w45-h45-p-k-no-rp-br100,Kapalı Pazar Yeri,"Siteler, 07070 Konyaaltı/Antalya- ",6 months ago,,"<span class=""kvMYJc"" role=""img"" aria-label=""1 star""><span class=""hCCjke vzX5Ic google-symbols NhBTye""></span><span class=""hCCjke google-symbols NhBTye""></span><span class=""hCCjke google-symbols NhBTye""></span><span class=""hCCjke google-symbols NhBTye""></span><span class=""hCCjke google-symbols NhBTye""></span></span><span class=""rsqaWe"">6 months ago</span><div class=""Tuisuc""></div>",Hurşit CANLI
,https://lh5.googleusercontent.com/p/AF1QipPieJFDgnUDCsc_0dgNjHHxzhX1vc92ZPr1-evm=w45-h45-p-k-no-rp-br100,coffee's,"Meltem, Sahil Antalya Yaşam Parkı, Beach Park No: 10/31, 07030 Muratpaşa/Antalya- ",6 months ago,,"<span class=""kvMYJc"" role=""img"" aria-label=""5 stars""><span class=""hCCjke vzX5Ic google-symbols NhBTye""></span><span class=""hCCjke vzX5Ic google-symbols NhBTye""></span><span class=""hCCjke vzX5Ic google-symbols NhBTye""></span><span class=""hCCjke vzX5Ic google-symbols NhBTye""></span><span class=""hCCjke vzX5Ic google-symbols NhBTye""></span></span><span class=""rsqaWe"">6 months ago</span><div class=""Tuisuc""></div>",Hurşit CANLI
,https://lh5.googleusercontent.com/p/AF1QipOZ6qs3RRKYoXd0xelVCwuDnDglYAPJOsxGGLKD=w45-h45-p-k-no-rp-br100,Keçiborlu Otogar,"Hasanbey, 32700 Keçiborlu/Isparta- ",6 months ago,,"<span class=""kvMYJc"" role=""img"" aria-label=""5 stars""><span class=""hCCjke vzX5Ic google-symbols NhBTye""></span><span class=""hCCjke vzX5Ic google-symbols NhBTye""></span><span class=""hCCjke vzX5Ic google-symbols NhBTye""></span><span class=""hCCjke vzX5Ic google-symbols NhBTye""></span><span class=""hCCjke vzX5Ic google-symbols NhBTye""></span></span><span class=""rsqaWe"">6 months ago</span><div class=""Tuisuc""></div>",Hurşit CANLI
,https://lh5.googleusercontent.com/p/AF1QipMZzDUJxZOTLiNNRx8_uOceZK4-ZUzLFOfXYd_W=w45-h45-p-k-no-rp-br100,Süleymaniye Çocuk Parkı,"Süleymaniye, 07630 Akseki/Antalya- ",6 months ago,,"<span class=""kvMYJc"" role=""img"" aria-label=""3 stars""><span class=""hCCjke vzX5Ic google-symbols NhBTye""></span><span class=""hCCjke vzX5Ic google-symbols NhBTye""></span><span class=""hCCjke vzX5Ic google-symbols NhBTye""></span><span class=""hCCjke google-symbols NhBTye""></span><span class=""hCCjke google-symbols NhBTye""></span></span><span class=""rsqaWe"">6 months ago</span><div class=""Tuisuc""></div>",Hurşit CANLI
,https://lh5.googleusercontent.com/p/AF1QipPYX18_iT4yDes8DpyVCJRiytIbJfUqbKz9FKkn=w45-h45-p-k-no-rp-br100,Caglayan Koyu Muhtarligi,66302 Çağlayan/Akdağmadeni/Yozgat- ,6 months ago,,"<span class=""kvMYJc"" role=""img"" aria-label=""5 stars""><span class=""hCCjke vzX5Ic google-symbols NhBTye""></span><span class=""hCCjke vzX5Ic google-symbols NhBTye""></span><span class=""hCCjke vzX5Ic google-symbols NhBTye""></span><span class=""hCCjke vzX5Ic google-symbols NhBTye""></span><span class=""hCCjke vzX5Ic google-symbols NhBTye""></span></span><span class=""rsqaWe"">6 months ago</span><div class=""Tuisuc""></div>",Hurşit CANLI
,https://lh5.googleusercontent.com/p/AF1QipN8xdUVsKeFZwdtmgSGY6t6JRL9-_klcPB3Ze7n=w45-h45-p-k-no-rp-br100,Buuzecedi Restaurant,"Akşemsettin, Akşemsettin Cd. No:23, 34080 Fatih/İstanbul- ",6 months ago,,"<span class=""kvMYJc"" role=""img"" aria-label=""2 stars""><span class=""hCCjke vzX5Ic google-symbols NhBTye""></span><span class=""hCCjke vzX5Ic google-symbols NhBTye""></span><span class=""hCCjke google-symbols NhBTye""></span><span class=""hCCjke google-symbols NhBTye""></span><span class=""hCCjke google-symbols NhBTye""></span></span><span class=""rsqaWe"">6 months ago</span><div class=""Tuisuc""></div>",Hurşit CANLI
,https://lh5.googleusercontent.com/p/AF1QipMBT8j-E2B0hpoLv5MkLQOsc5ZcFRpK0yxaYdAC=w45-h45-p-k-no-rp-br100,Değirmenci Baba Börek&Mantı Konyaaltı,"Altınkum, Karacan Apartmanı, Gazi Mustafa Kemal Blv. No:100 B, 07110 Konyaaltı/Antalya- ",6 months ago,,"<span class=""kvMYJc"" role=""img"" aria-label=""2 stars""><span class=""hCCjke vzX5Ic google-symbols NhBTye""></span><span class=""hCCjke vzX5Ic google-symbols NhBTye""></span><span class=""hCCjke google-symbols NhBTye""></span><span class=""hCCjke google-symbols NhBTye""></span><span class=""hCCjke google-symbols NhBTye""></span></span><span class=""rsqaWe"">6 months ago</span><div class=""Tuisuc""></div>",Hurşit CANLI
,https://lh5.googleusercontent.com/p/AF1QipNAs7WKbqEMiKSLLdMDqhSCzx5bUKzf1xS9k09x=w45-h45-p-k-no-rp-br100,Omer Duruk Dinlenme Tesisleri,"Büyükalan, Antalya Konya Yolu Üzeri No:151, 07630 Akseki/Antalya- ",6 months ago,,"<span class=""kvMYJc"" role=""img"" aria-label=""3 stars""><span class=""hCCjke vzX5Ic google-symbols NhBTye""></span><span class=""hCCjke vzX5Ic google-symbols NhBTye""></span><span class=""hCCjke vzX5Ic google-symbols NhBTye""></span><span class=""hCCjke google-symbols NhBTye""></span><span class=""hCCjke google-symbols NhBTye""></span></span><span class=""rsqaWe"">6 months ago</span><div class=""Tuisuc""></div>",Hurşit CANLI
,https://lh5.googleusercontent.com/p/AF1QipOMiSLe8Rb9tese9IUvciZgubbS6KYY3DgSQfqB=w45-h45-p-k-no-rp-br100,Artezyen et mangal,"Sanayi, Konya Manavgat Yolu No:7800, 07600 Manavgat/Antalya- ",6 months ago,,"<span class=""kvMYJc"" role=""img"" aria-label=""5 stars""><span class=""hCCjke vzX5Ic google-symbols NhBTye""></span><span class=""hCCjke vzX5Ic google-symbols NhBTye""></span><span class=""hCCjke vzX5Ic google-symbols NhBTye""></span><span class=""hCCjke vzX5Ic google-symbols NhBTye""></span><span class=""hCCjke vzX5Ic google-symbols NhBTye""></span></span><span class=""rsqaWe"">6 months ago</span><div class=""Tuisuc""></div>",Hurşit CANLI
,https://lh5.googleusercontent.com/p/AF1QipOQjetuD_y_5gX7PNvbJxdrxijcqTefmnnwZ3Zs=w45-h45-p-k-no-rp-br100,Birtat Donas Hatay Usulü Döner,"Kayalıyokuş, Belediye Sitesi, Cumhuriyet Cd No:9/D, 58400 Şarkışla/Sivas- ",6 months ago,,"<span class=""kvMYJc"" role=""img"" aria-label=""5 stars""><span class=""hCCjke vzX5Ic google-symbols NhBTye""></span><span class=""hCCjke vzX5Ic google-symbols NhBTye""></span><span class=""hCCjke vzX5Ic google-symbols NhBTye""></span><span class=""hCCjke vzX5Ic google-symbols NhBTye""></span><span class=""hCCjke vzX5Ic google-symbols NhBTye""></span></span><span class=""rsqaWe"">6 months ago</span><div class=""Tuisuc""></div>",Hurşit CANLI
See translation (English),https://lh5.googleusercontent.com/p/AF1QipOuwCY9bBHTR-QJEExQDbJfQbo0Pwug5Yogf3Vj=w45-h45-p-k-no-rp-br100,Hacıbey,"Borazanlar mahallesi Mehmet Akif Ersoy Bulvarı Kanca Apartmanı A blok 13, D:9, 14000 Merkez/Bolu- ",7 months ago,Gerçek lezzet ve kaliteli ustalar,"<span class=""kvMYJc"" role=""img"" aria-label=""5 stars""><span class=""hCCjke vzX5Ic google-symbols NhBTye""></span><span class=""hCCjke vzX5Ic google-symbols NhBTye""></span><span class=""hCCjke vzX5Ic google-symbols NhBTye""></span><span class=""hCCjke vzX5Ic google-symbols NhBTye""></span><span class=""hCCjke vzX5Ic google-symbols NhBTye""></span></span><span class=""rsqaWe"">7 months ago</span><div class=""Tuisuc""></div>",Hurşit CANLI
See translation (English),https://lh5.googleusercontent.com/p/AF1QipO_exCNVbpiB3COci4tMGjmRqhquxDO8SuSJZj1=w45-h45-p-k-no-rp-br100,Urfali Kebapci,"Ostim, Mehmet Akif Ersoy Cd. No:41, 06374 Yenimahalle/Ankara- ",7 months ago,Temiz leziz ve kaaliteli,"<span class=""kvMYJc"" role=""img"" aria-label=""5 stars""><span class=""hCCjke vzX5Ic google-symbols NhBTye""></span><span class=""hCCjke vzX5Ic google-symbols NhBTye""></span><span class=""hCCjke vzX5Ic google-symbols NhBTye""></span><span class=""hCCjke vzX5Ic google-symbols NhBTye""></span><span class=""hCCjke vzX5Ic google-symbols NhBTye""></span></span><span class=""rsqaWe"">7 months ago</span><div class=""Tuisuc""></div>",Hurşit CANLI
,https://lh5.googleusercontent.com/p/AF1QipMxxYNWQIHvrZk76xiuCNtwqzzci87wAGY7oIWI=w45-h45-p-k-no-rp-br100,"Crowne Plaza Antalya, an IHG Hotel","Gürsu, Akdeniz Blv. 304. Sokak, 07070 Konyaaltı/Antalya- ",7 months ago,,"<span class=""kvMYJc"" role=""img"" aria-label=""5 stars""><span class=""hCCjke vzX5Ic google-symbols NhBTye""></span><span class=""hCCjke vzX5Ic google-symbols NhBTye""></span><span class=""hCCjke vzX5Ic google-symbols NhBTye""></span><span class=""hCCjke vzX5Ic google-symbols NhBTye""></span><span class=""hCCjke vzX5Ic google-symbols NhBTye""></span></span><span class=""rsqaWe"">7 months ago</span><div class=""Tuisuc""></div>",Hurşit CANLI
,https://lh5.googleusercontent.com/p/AF1QipPts6odBr9-f8EO7oOmSxs2osKVpHA35WHDR9AJ=w45-h45-p-k-no-rp-br100,Hafız Mustafa 1864 Pera,"Kuloğlu, İstiklal Cd. No:121, 34433 Beyoğlu/İstanbul- ",7 months ago,,"<span class=""kvMYJc"" role=""img"" aria-label=""5 stars""><span class=""hCCjke vzX5Ic google-symbols NhBTye""></span><span class=""hCCjke vzX5Ic google-symbols NhBTye""></span><span class=""hCCjke vzX5Ic google-symbols NhBTye""></span><span class=""hCCjke vzX5Ic google-symbols NhBTye""></span><span class=""hCCjke vzX5Ic google-symbols NhBTye""></span></span><span class=""rsqaWe"">7 months ago</span><div class=""Tuisuc""></div>",Hurşit CANLI
,https://lh5.googleusercontent.com/p/AF1QipNkoFcoE1gZKgmh9nuZpJRR-o5H6rp2hmcxZ2Qw=w45-h45-p-k-no-rp-br100,İBB Florya Sosyal Tesisleri,"İtfaiye Cad. No:1 Yeşilköy Halk Pazarı Yanı Yeşilköy İtfaye Arkası Florya, 34153 Bakırköy/İstanbul- ",7 months ago,,"<span class=""kvMYJc"" role=""img"" aria-label=""5 stars""><span class=""hCCjke vzX5Ic google-symbols NhBTye""></span><span class=""hCCjke vzX5Ic google-symbols NhBTye""></span><span class=""hCCjke vzX5Ic google-symbols NhBTye""></span><span class=""hCCjke vzX5Ic google-symbols NhBTye""></span><span class=""hCCjke vzX5Ic google-symbols NhBTye""></span></span><span class=""rsqaWe"">7 months ago</span><div class=""Tuisuc""></div>",Hurşit CANLI
,https://lh5.googleusercontent.com/p/AF1QipP9aRMFC4GYtkRudK2mSp_qCN55Gf4U9FHExlqA=w45-h45-p-k-no-rp-br100,Otel Akpınar,"Eskibağlar, Kumlubel Sk. No:20, 26170 Tepebaşı/Eskişehir- ",7 months ago,,"<span class=""kvMYJc"" role=""img"" aria-label=""5 stars""><span class=""hCCjke vzX5Ic google-symbols NhBTye""></span><span class=""hCCjke vzX5Ic google-symbols NhBTye""></span><span class=""hCCjke vzX5Ic google-symbols NhBTye""></span><span class=""hCCjke vzX5Ic google-symbols NhBTye""></span><span class=""hCCjke vzX5Ic google-symbols NhBTye""></span></span><span class=""rsqaWe"">7 months ago</span><div class=""Tuisuc""></div>",Hurşit CANLI
See translation (English),https://lh5.googleusercontent.com/p/AF1QipMkb3UtOF5h9KIgaCJ40dnKZ38aNUx-5eqlc-Hj=w45-h45-p-k-no-rp-br100,Kent Meydanı Konyaaltı,"Altınkum, Akdeniz Blv. 176 C, 07070 Konyaaltı/Antalya- ",7 months ago,Antalya’nın göz bebeği,"<span class=""kvMYJc"" role=""img"" aria-label=""5 stars""><span class=""hCCjke vzX5Ic google-symbols NhBTye""></span><span class=""hCCjke vzX5Ic google-symbols NhBTye""></span><span class=""hCCjke vzX5Ic google-symbols NhBTye""></span><span class=""hCCjke vzX5Ic google-symbols NhBTye""></span><span class=""hCCjke vzX5Ic google-symbols NhBTye""></span></span><span class=""rsqaWe"">7 months ago</span><div class=""Tuisuc""></div>",Hurşit CANLI
,https://lh5.googleusercontent.com/p/AF1QipMvBo4oOAuHPg4a1h64QYm0AKWlkxMSN-uynv_X=w45-h45-p-k-no-rp-br100,Dilek Pastanesi Zuhuratbaba,"Zuhuratbaba, İncirli Cd. No:41 D:41, 34147 Bakırköy/İstanbul- ",7 months ago,,"<span class=""kvMYJc"" role=""img"" aria-label=""5 stars""><span class=""hCCjke vzX5Ic google-symbols NhBTye""></span><span class=""hCCjke vzX5Ic google-symbols NhBTye""></span><span class=""hCCjke vzX5Ic google-symbols NhBTye""></span><span class=""hCCjke vzX5Ic google-symbols NhBTye""></span><span class=""hCCjke vzX5Ic google-symbols NhBTye""></span></span><span class=""rsqaWe"">7 months ago</span><div class=""Tuisuc""></div>",Hurşit CANLI
See translation (English),https://maps.gstatic.com/mapsactivities/icons/poi_icons/mobile/0/xhdpi/lodging_visited.png,İstanbul Özel Yozgat Erkek Öğrenci Yurdu,"Yavuz Sultan Selim, Hanedan Sk. No:15, 34083 Fatih/İstanbul- ",7 months ago,Tertemiz bir yurt,"<span class=""kvMYJc"" role=""img"" aria-label=""5 stars""><span class=""hCCjke vzX5Ic google-symbols NhBTye""></span><span class=""hCCjke vzX5Ic google-symbols NhBTye""></span><span class=""hCCjke vzX5Ic google-symbols NhBTye""></span><span class=""hCCjke vzX5Ic google-symbols NhBTye""></span><span class=""hCCjke vzX5Ic google-symbols NhBTye""></span></span><span class=""rsqaWe"">7 months ago</span><div class=""Tuisuc""></div>",Hurşit CANLI
See translation (English),https://lh5.googleusercontent.com/p/AF1QipPPp3TB-S99z8OyA7IA1uE-JXB1Sy5zPBjXkK3N=w45-h45-p-k-no-rp-br100,Mado Beach Park Konyaaltı Sahil,"Meltem, VARYANT TİC. ÜNİTELER, Akdeniz Blv. NO:10/1, 07100 Muratpaşa/Antalya- ",7 months ago,Nezih ortam,"<span class=""kvMYJc"" role=""img"" aria-label=""5 stars""><span class=""hCCjke vzX5Ic google-symbols NhBTye""></span><span class=""hCCjke vzX5Ic google-symbols NhBTye""></span><span class=""hCCjke vzX5Ic google-symbols NhBTye""></span><span class=""hCCjke vzX5Ic google-symbols NhBTye""></span><span class=""hCCjke vzX5Ic google-symbols NhBTye""></span></span><span class=""rsqaWe"">7 months ago</span><div class=""Tuisuc""></div>",Hurşit CANLI
,https://lh5.googleusercontent.com/p/AF1QipOZ50aj9B_YXfRBYIsMooPFL_naDjEoKEV9F91W=w45-h45-p-k-no-rp-br100,Köfteci Yusuf,"Bağdat, Uşak Cd. No:6/1, 03852 Akören/Hocalar/Afyonkarahisar- ",7 months ago,,"<span class=""kvMYJc"" role=""img"" aria-label=""4 stars""><span class=""hCCjke vzX5Ic google-symbols NhBTye""></span><span class=""hCCjke vzX5Ic google-symbols NhBTye""></span><span class=""hCCjke vzX5Ic google-symbols NhBTye""></span><span class=""hCCjke vzX5Ic google-symbols NhBTye""></span><span class=""hCCjke google-symbols NhBTye""></span></span><span class=""rsqaWe"">7 months ago</span><div class=""Tuisuc""></div>",Hurşit CANLI
See translation (English),https://lh5.googleusercontent.com/p/AF1QipMC1jPYj8l1mx9gLQ0C6R6IRzmoMEotOXGs4FVZ=w45-h45-p-k-no-rp-br100,Shell,"Hürriyet Caddesi ADA:-,PAF:-,PARS:, D:268, 07220 Kepez- ",a week ago,Valla genelde sehir ici  petroller  cok fazla kullabildiğindan wcleri  inanilmaz kötü olur. Ama burasi su geldiğim zaman diliminde gercekten evimdeki wc gibiydi. Bir petrolü petrol yapan wcsidir  Ee ne demisler Aklı kelden benzini shell den alcan,"<span class=""kvMYJc"" role=""img"" aria-label=""5 stars""><span class=""hCCjke vzX5Ic google-symbols NhBTye""></span><span class=""hCCjke vzX5Ic google-symbols NhBTye""></span><span class=""hCCjke vzX5Ic google-symbols NhBTye""></span><span class=""hCCjke vzX5Ic google-symbols NhBTye""></span><span class=""hCCjke vzX5Ic google-symbols NhBTye""></span></span><span class=""rsqaWe"">a week ago</span><div class=""Tuisuc""></div>",Nurullah Uzun
See translation (English),https://lh5.googleusercontent.com/p/AF1QipNZ8KEvKnACnI0vOMAMuRUE3f1CtEq5y6MIJ94_=w45-h45-p-k-no-rp-br100,Neşeli Balık,"Eski, 108. Sk., 07740 Finike/Antalya- ",4 months ago,Calisan arkadaslarin bizimle ilgilenirken ki mutluluğu başka bir güzellik,"<span class=""kvMYJc"" role=""img"" aria-label=""5 stars""><span class=""hCCjke vzX5Ic google-symbols NhBTye""></span><span class=""hCCjke vzX5Ic google-symbols NhBTye""></span><span class=""hCCjke vzX5Ic google-symbols NhBTye""></span><span class=""hCCjke vzX5Ic google-symbols NhBTye""></span><span class=""hCCjke vzX5Ic google-symbols NhBTye""></span></span><span class=""rsqaWe"">4 months ago</span><div class=""Tuisuc""></div>",Nurullah Uzun
See translation (English),https://lh5.googleusercontent.com/p/AF1QipOM6fkalRhdqW6yUMpx4xjBAiBxX6rWf-3Pk0JT=w45-h45-p-k-no-rp-br100,Kutupayısı Genel Merkez,"Yenibosna Merkez Mah., Selim Ayaydın Cad Hasan Tanık İş Merkezi D:2, 34197 Yenibosna/İstanbul- ",6 months ago,36 yaşındayım şimdiye kadar bir ürününün arkasında bu kadar kaliteli duran bir firma görmedim... İnternetden stanley marka bi termos aldım. Yıkarken küçük bir contasını kaybetmişim. İnternetden iletişim numarasını bulup problemi whatsaap …,"<span class=""kvMYJc"" role=""img"" aria-label=""5 stars""><span class=""hCCjke vzX5Ic google-symbols NhBTye""></span><span class=""hCCjke vzX5Ic google-symbols NhBTye""></span><span class=""hCCjke vzX5Ic google-symbols NhBTye""></span><span class=""hCCjke vzX5Ic google-symbols NhBTye""></span><span class=""hCCjke vzX5Ic google-symbols NhBTye""></span></span><span class=""rsqaWe"">6 months ago</span><div class=""Tuisuc""></div>",Nurullah Uzun
See translation (English),https://lh5.googleusercontent.com/p/AF1QipPmPiv788qBbdbebL-ZBeEbdllCP3CvR8aUDo0-=w45-h45-p-k-no-rp-br100,Milklaç - Burhanettin Onat,"Zerdalilik, Burhanettin Onat Cd. Altındal apt D:88/A, 07007 Muratpaşa/Antalya- ",6 months ago,Tatlılar çok hafif bayıldık. Zeynep hanim cok nazik emeği geçen herkese teşekkürler,"<span class=""kvMYJc"" role=""img"" aria-label=""5 stars""><span class=""hCCjke vzX5Ic google-symbols NhBTye""></span><span class=""hCCjke vzX5Ic google-symbols NhBTye""></span><span class=""hCCjke vzX5Ic google-symbols NhBTye""></span><span class=""hCCjke vzX5Ic google-symbols NhBTye""></span><span class=""hCCjke vzX5Ic google-symbols NhBTye""></span></span><span class=""rsqaWe"">6 months ago</span><div class=""Tuisuc""></div>",Nurullah Uzun
,https://lh5.googleusercontent.com/p/AF1QipORG3iJ3azpzXq9Ox7ZdhJJb2PhTmA_TsrAze1d=w45-h45-p-k-no-rp-br100,Alp Paşa Boutique Hotel,"Barbaros, Hesapçı Sk. No: 30, 07100 Muratpaşa/Antalya- ",a year ago,,"<span class=""kvMYJc"" role=""img"" aria-label=""5 stars""><span class=""hCCjke vzX5Ic google-symbols NhBTye""></span><span class=""hCCjke vzX5Ic google-symbols NhBTye""></span><span class=""hCCjke vzX5Ic google-symbols NhBTye""></span><span class=""hCCjke vzX5Ic google-symbols NhBTye""></span><span class=""hCCjke vzX5Ic google-symbols NhBTye""></span></span><span class=""rsqaWe"">a year ago</span><div class=""Tuisuc""></div>",Nurullah Uzun
See translation (English),https://lh5.googleusercontent.com/p/AF1QipMvWP7DGHqQfUrOlSP9rnNGGE2B1mxIkIoPr2zC=w45-h45-p-k-no-rp-br100,Deniz simit bakery,"Kültür, 3805. Sk. No:44 D:b, 07090 Kepez/Antalya- ",a year ago,Güzel yiyecek şeyler bulduk 😉,"<span class=""kvMYJc"" role=""img"" aria-label=""5 stars""><span class=""hCCjke vzX5Ic google-symbols NhBTye""></span><span class=""hCCjke vzX5Ic google-symbols NhBTye""></span><span class=""hCCjke vzX5Ic google-symbols NhBTye""></span><span class=""hCCjke vzX5Ic google-symbols NhBTye""></span><span class=""hCCjke vzX5Ic google-symbols NhBTye""></span></span><span class=""rsqaWe"">a year ago</span><div class=""Tuisuc""></div>",Nurullah Uzun
,https://lh5.googleusercontent.com/p/AF1QipM6WYgT-8MOpL064E_ux4qQJBFpmOL9sDyu-V-J=w45-h45-p-k-no-rp-br100,Hilmi Beken Akaryakıt | Market | Restaurant | Catering | BEK FIRIN,"Altınkale, Akdeniz Blv. No:168 D:170, 07190 Döşemealtı/Antalya- ",a year ago,Kurufasülyeeee efsanneeeeeeeeeee,"<span class=""kvMYJc"" role=""img"" aria-label=""5 stars""><span class=""hCCjke vzX5Ic google-symbols NhBTye""></span><span class=""hCCjke vzX5Ic google-symbols NhBTye""></span><span class=""hCCjke vzX5Ic google-symbols NhBTye""></span><span class=""hCCjke vzX5Ic google-symbols NhBTye""></span><span class=""hCCjke vzX5Ic google-symbols NhBTye""></span></span><span class=""rsqaWe"">a year ago</span><div class=""Tuisuc""></div>",Nurullah Uzun
See translation (English),https://lh5.googleusercontent.com/p/AF1QipOxoYBtiD6nPeNo6WHG135yyvQcq3tonbiZU5Ww=w45-h45-p-k-no-rp-br100,Cennet Koyu,"Tekirova, tarihi likya yolu Beydağları Sahili Milli Parkı, 07995 Kemer/Antalya- ",a year ago,Coğrafya konum çok güzel yanlız bizim memleketimizin insanına böylesine güzel bir koy haram. Elinde götürdüğü herşeyin çöpünü sağa sola atan babasının bahçesiymiş gibi davranan insanların bol bulunduğu.  Onca yangınlardan ders almayıp hala …,"<span class=""kvMYJc"" role=""img"" aria-label=""5 stars""><span class=""hCCjke vzX5Ic google-symbols NhBTye""></span><span class=""hCCjke vzX5Ic google-symbols NhBTye""></span><span class=""hCCjke vzX5Ic google-symbols NhBTye""></span><span class=""hCCjke vzX5Ic google-symbols NhBTye""></span><span class=""hCCjke vzX5Ic google-symbols NhBTye""></span></span><span class=""rsqaWe"">a year ago</span><div class=""Tuisuc""></div>",Nurullah Uzun
,https://lh6.googleusercontent.com/proxy/tG3lZonQBN0LeEGdiWR2HJaX0K28-Czm88LiqQBfb3yOgN-HsTkC9s5dP7JWMm_4IGncu_fL1zBAoGXe7df95MPj3h5N6qUgEq0T1KOm3m2PmWWR8HOIpL-E0nfm5i1gZpCVHnlR1b_3MRpff9Y83-Tjn6zWwyk=w45-h45-p-k-no-rp-br100,Rido Camping,"Geyikbayırı, 07070 Konyaaltı/Antalya- ",a year ago,,"<span class=""kvMYJc"" role=""img"" aria-label=""5 stars""><span class=""hCCjke vzX5Ic google-symbols NhBTye""></span><span class=""hCCjke vzX5Ic google-symbols NhBTye""></span><span class=""hCCjke vzX5Ic google-symbols NhBTye""></span><span class=""hCCjke vzX5Ic google-symbols NhBTye""></span><span class=""hCCjke vzX5Ic google-symbols NhBTye""></span></span><span class=""rsqaWe"">a year ago</span><div class=""Tuisuc""></div>",Nurullah Uzun
See translation (English),https://lh5.googleusercontent.com/p/AF1QipPswbrAerpUV5BQs3KvXRiyX8kQ9Sya8OwPW__5=w45-h45-p-k-no-rp-br100,Çakıl Beach,"Kuşkavağı, 07070 Konyaaltı/Antalya- ",a year ago,Orkestra çok iyi eğlenceli bir mekan.,"<span class=""kvMYJc"" role=""img"" aria-label=""5 stars""><span class=""hCCjke vzX5Ic google-symbols NhBTye""></span><span class=""hCCjke vzX5Ic google-symbols NhBTye""></span><span class=""hCCjke vzX5Ic google-symbols NhBTye""></span><span class=""hCCjke vzX5Ic google-symbols NhBTye""></span><span class=""hCCjke vzX5Ic google-symbols NhBTye""></span></span><span class=""rsqaWe"">a year ago</span><div class=""Tuisuc""></div>",Nurullah Uzun
See translation (English),https://lh5.googleusercontent.com/p/AF1QipMctXJZlqVLgOwIo9lMhF9XTOQYV8lxzGKd1gDW=w45-h45-p-k-no-rp-br100,El Emeği Parkı,"Zafer, 07020 Kepez/Antalya- ",a year ago,Gerçekten güzel yer bitdahaline foto paylaşcam,"<span class=""kvMYJc"" role=""img"" aria-label=""5 stars""><span class=""hCCjke vzX5Ic google-symbols NhBTye""></span><span class=""hCCjke vzX5Ic google-symbols NhBTye""></span><span class=""hCCjke vzX5Ic google-symbols NhBTye""></span><span class=""hCCjke vzX5Ic google-symbols NhBTye""></span><span class=""hCCjke vzX5Ic google-symbols NhBTye""></span></span><span class=""rsqaWe"">a year ago</span><div class=""Tuisuc""></div>",Nurullah Uzun
See translation (English),https://lh5.googleusercontent.com/p/AF1QipNEsxIGjeARV5jJBMVtp9kJIVt5_YkC6GxoBN7-=w45-h45-p-k-no-rp-br100,Reis Thermal Otel,"Karahayıt, 151. Sk. 1/a, 20800 Pamukkale/Denizli- ",a year ago,Oteli bir festival de kahvaltı için kullandık gayet güzel di gerisini bilmiyorum,"<span class=""kvMYJc"" role=""img"" aria-label=""5 stars""><span class=""hCCjke vzX5Ic google-symbols NhBTye""></span><span class=""hCCjke vzX5Ic google-symbols NhBTye""></span><span class=""hCCjke vzX5Ic google-symbols NhBTye""></span><span class=""hCCjke vzX5Ic google-symbols NhBTye""></span><span class=""hCCjke vzX5Ic google-symbols NhBTye""></span></span><span class=""rsqaWe"">a year ago</span><div class=""Tuisuc""></div>",Nurullah Uzun
See translation (English),https://lh5.googleusercontent.com/p/AF1QipPjSvIu4TGU98iCOlfHmsqH82xtl6_FEZTjC6-b=w45-h45-p-k-no-rp-br100,Çamlık Çorbacısı,"Mehmetçik, 20020 Denizli Merkez/Denizli- ",a year ago,Ezogelin çorbası içtim. Vejeteryan bi insan için bulunmaz hint kumaşı.,"<span class=""kvMYJc"" role=""img"" aria-label=""5 stars""><span class=""hCCjke vzX5Ic google-symbols NhBTye""></span><span class=""hCCjke vzX5Ic google-symbols NhBTye""></span><span class=""hCCjke vzX5Ic google-symbols NhBTye""></span><span class=""hCCjke vzX5Ic google-symbols NhBTye""></span><span class=""hCCjke vzX5Ic google-symbols NhBTye""></span></span><span class=""rsqaWe"">a year ago</span><div class=""Tuisuc""></div>",Nurullah Uzun
See translation (English),https://lh5.googleusercontent.com/p/AF1QipM0gaBUhyCpND2oveWoiQzGJUHdiDaZ1spWabGu=w45-h45-p-k-no-rp-br100,Denizli Büyükşehir Belediyesi Nihat Zeybekci Kongre ve Kültür Merkezi,"İncilipınar, 3385. Sk. No:2, 20100 Pamukkale/Denizli- ",a year ago,Festivale geldik. Çok güzel bir kültür merkezi olmuş.,"<span class=""kvMYJc"" role=""img"" aria-label=""5 stars""><span class=""hCCjke vzX5Ic google-symbols NhBTye""></span><span class=""hCCjke vzX5Ic google-symbols NhBTye""></span><span class=""hCCjke vzX5Ic google-symbols NhBTye""></span><span class=""hCCjke vzX5Ic google-symbols NhBTye""></span><span class=""hCCjke vzX5Ic google-symbols NhBTye""></span></span><span class=""rsqaWe"">a year ago</span><div class=""Tuisuc""></div>",Nurullah Uzun
See translation (English),https://lh5.googleusercontent.com/p/AF1QipMigb8M-UU3QXKzACK-RTa5U5K7xcaJ0cIOiRpY=w45-h45-p-k-no-rp-br100,Kipa AVM,"Fabrikalar, Fikri Erten Cd. No:10/1 D:117, 07090 Kepez/Antalya- ",a year ago,Antalya için otoparkı büyük ve ev elektroniği açısından zengin firmalar ile dolu bir avm.,"<span class=""kvMYJc"" role=""img"" aria-label=""5 stars""><span class=""hCCjke vzX5Ic google-symbols NhBTye""></span><span class=""hCCjke vzX5Ic google-symbols NhBTye""></span><span class=""hCCjke vzX5Ic google-symbols NhBTye""></span><span class=""hCCjke vzX5Ic google-symbols NhBTye""></span><span class=""hCCjke vzX5Ic google-symbols NhBTye""></span></span><span class=""rsqaWe"">a year ago</span><div class=""Tuisuc""></div>",Nurullah Uzun
See translation (English),https://lh4.googleusercontent.com/7NwcWQwKckG5cBeEjsp-R33swCMNDBXJ9klDF45JXGxffMilmjXjPjIcFHnd20Q=w45-h45-p-k-no-rp-br100,Kayseri Sofrası Lara Börek & Mantı,"Yeşilbahçe, Metin Kasapoğlu Cd. No:37, 07160 Muratpaşa/Antalya- ",a year ago,Çok iyidi. Vejeteryan olarak menü zengin. Tevsiye ederim . Foto çekmeyi unuttum 🤭 …,"<span class=""kvMYJc"" role=""img"" aria-label=""5 stars""><span class=""hCCjke vzX5Ic google-symbols NhBTye""></span><span class=""hCCjke vzX5Ic google-symbols NhBTye""></span><span class=""hCCjke vzX5Ic google-symbols NhBTye""></span><span class=""hCCjke vzX5Ic google-symbols NhBTye""></span><span class=""hCCjke vzX5Ic google-symbols NhBTye""></span></span><span class=""rsqaWe"">a year ago</span><div class=""Tuisuc""></div>",Nurullah Uzun
See translation (English),https://lh5.googleusercontent.com/p/AF1QipMRddxwL74sezee3Q3nM4_9ROnRGwM-LOuNqvsw=w45-h45-p-k-no-rp-br100,Antalya Necropol Museum,"Yüksekalan, Ali Çetinkaya Cd. No:35/D, 07310 Muratpaşa/Antalya- ",a year ago,Şehir Tiyatrosu açılınca daha da güzel olucak.,"<span class=""kvMYJc"" role=""img"" aria-label=""5 stars""><span class=""hCCjke vzX5Ic google-symbols NhBTye""></span><span class=""hCCjke vzX5Ic google-symbols NhBTye""></span><span class=""hCCjke vzX5Ic google-symbols NhBTye""></span><span class=""hCCjke vzX5Ic google-symbols NhBTye""></span><span class=""hCCjke vzX5Ic google-symbols NhBTye""></span></span><span class=""rsqaWe"">a year ago</span><div class=""Tuisuc""></div>",Nurullah Uzun
See translation (English),https://lh5.googleusercontent.com/p/AF1QipMG3es-aMUSBulOfwKDnLI5ih8fpNHGEIXYnjgD=w45-h45-p-k-no-rp-br100,Elefante Pub,"Gençlik, Fevzi Çakmak Cd. 12/A, 07100 Muratpaşa/Antalya- ",a year ago,Elefante yeni sahne yüzüyle Gerçekten güzel bi yer olmuş. Belki günümüz kafeleri gibi milyonlar harcayarak müşteri çekmek yerine kaliteli müzik ve satranç günü yapıp indirimli bira vizyonunu çok fazla ileriye taşımış.,"<span class=""kvMYJc"" role=""img"" aria-label=""5 stars""><span class=""hCCjke vzX5Ic google-symbols NhBTye""></span><span class=""hCCjke vzX5Ic google-symbols NhBTye""></span><span class=""hCCjke vzX5Ic google-symbols NhBTye""></span><span class=""hCCjke vzX5Ic google-symbols NhBTye""></span><span class=""hCCjke vzX5Ic google-symbols NhBTye""></span></span><span class=""rsqaWe"">a year ago</span><div class=""Tuisuc""></div>",Nurullah Uzun
See translation (English),https://lh5.googleusercontent.com/p/AF1QipOj0T3Zl6pd-t9v6FAjlrCZc3ejxQqORzzm9yCA=w45-h45-p-k-no-rp-br100,Rokka Pizza Falafel,"Haşimişcan, Recep Peker Cd., 07100 Muratpaşa/Antalya- ",a year ago,"5 yıllık bir işletmeymiş yeni gördüm ki, benim ayıbım çok hoş menüleri var. Vegan ve vejeteryan menüsünün olması yeme içme sektöründe 1 adım daha önde olduklarını kanıtlıyor. Her zaman tercih edebileceğim bir işletme .","<span class=""kvMYJc"" role=""img"" aria-label=""5 stars""><span class=""hCCjke vzX5Ic google-symbols NhBTye""></span><span class=""hCCjke vzX5Ic google-symbols NhBTye""></span><span class=""hCCjke vzX5Ic google-symbols NhBTye""></span><span class=""hCCjke vzX5Ic google-symbols NhBTye""></span><span class=""hCCjke vzX5Ic google-symbols NhBTye""></span></span><span class=""rsqaWe"">a year ago</span><div class=""Tuisuc""></div>",Nurullah Uzun
See translation (English),https://lh5.googleusercontent.com/p/AF1QipMQkGM_my5mE-59R_u3MjaB9BlKhRg1XPLtwbMk=w45-h45-p-k-no-rp-br100,The Grey Performance Hall,"Kılınçarslan, Kılınçarslan Mah. Yeni Kapı Sk, Kocatepe Sk. No:11, 07100 Muratpaşa/Antalya- ",a year ago,"Kaleiçinde ki muazzam güzel yerlerden biri.
İster bar bölümünde  canlı müzik dinleyin.
İster sokata bulunan sandalyelerde sohbetleyin …","<span class=""kvMYJc"" role=""img"" aria-label=""5 stars""><span class=""hCCjke vzX5Ic google-symbols NhBTye""></span><span class=""hCCjke vzX5Ic google-symbols NhBTye""></span><span class=""hCCjke vzX5Ic google-symbols NhBTye""></span><span class=""hCCjke vzX5Ic google-symbols NhBTye""></span><span class=""hCCjke vzX5Ic google-symbols NhBTye""></span></span><span class=""rsqaWe"">a year ago</span><div class=""Tuisuc""></div>",Nurullah Uzun
See translation (English),https://lh5.googleusercontent.com/p/AF1QipPbn3_bh0DLLrBQXsjVbLowTQ-JrRgQVLy1KWOd=w45-h45-p-k-no-rp-br100,Mantarevi Restaurant,"D350 Datköy, 07000 Korkuteli/Antalya- ",a year ago,Ya mantar çorbası efsane değilmi. Her geliş geçiş menüden bişey mi yesem diye düşünüyorum. Lezzet kalitesi uzun yıllar böyle kalır umarım. Çorbanın içilmiş fotosunu koydum.o kadar lezzetliydi ki fotoğraf çekmeyi unutmuşum. /Düzeltme 01.05.2022 Bu ikinci gelişim aylar sonra ve her tad aynı.,"<span class=""kvMYJc"" role=""img"" aria-label=""5 stars""><span class=""hCCjke vzX5Ic google-symbols NhBTye""></span><span class=""hCCjke vzX5Ic google-symbols NhBTye""></span><span class=""hCCjke vzX5Ic google-symbols NhBTye""></span><span class=""hCCjke vzX5Ic google-symbols NhBTye""></span><span class=""hCCjke vzX5Ic google-symbols NhBTye""></span></span><span class=""rsqaWe"">a year ago</span><div class=""Tuisuc""></div>",Nurullah Uzun
See translation (English),https://lh5.googleusercontent.com/p/AF1QipOQoTIEoNLYE182t3cEXmKuix1CKzQROawdKo7f=w45-h45-p-k-no-rp-br100,Ekleristan Muratpaşa,"Muratpaşa, Abdi İpekçi Cd. 30/B, 07030 Muratpaşa/Antalya- ",a year ago,Daha buraya gitmedim gidilecek yerler olarak ekledim. Herkes 5 yıldız vermiş. Şimdilik bende 5 yıldız verdim. Gidip yiyince değerlendiricem. 😏 ama aklım kaldı …,"<span class=""kvMYJc"" role=""img"" aria-label=""5 stars""><span class=""hCCjke vzX5Ic google-symbols NhBTye""></span><span class=""hCCjke vzX5Ic google-symbols NhBTye""></span><span class=""hCCjke vzX5Ic google-symbols NhBTye""></span><span class=""hCCjke vzX5Ic google-symbols NhBTye""></span><span class=""hCCjke vzX5Ic google-symbols NhBTye""></span></span><span class=""rsqaWe"">a year ago</span><div class=""Tuisuc""></div>",Nurullah Uzun
See translation (English),https://lh5.googleusercontent.com/p/AF1QipOnLi07xc-qU0LA3uTwpRrGh2BXXSpI3mjCGmVi=w45-h45-p-k-no-rp-br100,LUNA GARDEN,"Barbaros, Kocatepe Sk. No:4, 07000 Muratpaşa/Antalya- ",a year ago,İki delikanlı karşılıklı gidip bi kahve içelim dedik onda da yanında pamukşeker geldi. Bizim delikanlılık bi tarafta kaldı. Kahveyle pamukşeker yedik çocuk gibi . Bana çok abzürt geldi 🤭 …,"<span class=""kvMYJc"" role=""img"" aria-label=""5 stars""><span class=""hCCjke vzX5Ic google-symbols NhBTye""></span><span class=""hCCjke vzX5Ic google-symbols NhBTye""></span><span class=""hCCjke vzX5Ic google-symbols NhBTye""></span><span class=""hCCjke vzX5Ic google-symbols NhBTye""></span><span class=""hCCjke vzX5Ic google-symbols NhBTye""></span></span><span class=""rsqaWe"">a year ago</span><div class=""Tuisuc""></div>",Nurullah Uzun
See translation (English),https://lh5.googleusercontent.com/p/AF1QipP9wGn6ZeuAZdGRT7-H4diZi7dG8QwFdFu1EySg=w45-h45-p-k-no-rp-br100,A101,"Haşimişcan, Arık Cd. 10a, 07100 Muratpaşa/Antalya- ",a year ago,"Aâaaaaaaaaaaa101 harca harca bitmez demicem  artık orda da biter oldu. Bu ülke nereye gidiyor. A101 e tabiki de;
🤭 şaka bi yana a101 bile bazen ekonomiyi sarsıyorsa ekonominin bişeyi bişey olmuş. …","<span class=""kvMYJc"" role=""img"" aria-label=""5 stars""><span class=""hCCjke vzX5Ic google-symbols NhBTye""></span><span class=""hCCjke vzX5Ic google-symbols NhBTye""></span><span class=""hCCjke vzX5Ic google-symbols NhBTye""></span><span class=""hCCjke vzX5Ic google-symbols NhBTye""></span><span class=""hCCjke vzX5Ic google-symbols NhBTye""></span></span><span class=""rsqaWe"">a year ago</span><div class=""Tuisuc""></div>",Nurullah Uzun
See translation (English),https://lh5.googleusercontent.com/p/AF1QipP16j4nS2ULg8IiQrLk__zT_3cdQ6tirX9VcUjU=w45-h45-p-k-no-rp-br100,Doğu Garajı,"Yüksekalan, Ali Çetinkaya Cd., 07100 Muratpaşa/Antalya- ",a year ago,Antalyanın efsabe tiyayro salonu geliyor. 640 kişilik müzikal ve tiyatroların yapılacağı yeri göğü sallayacak kültür ve sanat fabrikası çok yakında.,"<span class=""kvMYJc"" role=""img"" aria-label=""5 stars""><span class=""hCCjke vzX5Ic google-symbols NhBTye""></span><span class=""hCCjke vzX5Ic google-symbols NhBTye""></span><span class=""hCCjke vzX5Ic google-symbols NhBTye""></span><span class=""hCCjke vzX5Ic google-symbols NhBTye""></span><span class=""hCCjke vzX5Ic google-symbols NhBTye""></span></span><span class=""rsqaWe"">a year ago</span><div class=""Tuisuc""></div>",Nurullah Uzun
See translation (English),https://lh5.googleusercontent.com/p/AF1QipP7P318w6PEOV3UyWVBLfHRs-hryEepqDuy90pH=w45-h45-p-k-no-rp-br100,Belek Cafe&Bistro Kadraj,"Belek, Atıf Zengin Cd. NO 10/A, 07506 Serik/Antalya- ",a year ago,Bir motor gezisi sayesinde rastgele girdik. Çayları güzelmiş beğendim. Garsonların müşteri ile alakası da güzel gidince rahat ederek keyifli bir zaman geçirirsiniz,"<span class=""kvMYJc"" role=""img"" aria-label=""5 stars""><span class=""hCCjke vzX5Ic google-symbols NhBTye""></span><span class=""hCCjke vzX5Ic google-symbols NhBTye""></span><span class=""hCCjke vzX5Ic google-symbols NhBTye""></span><span class=""hCCjke vzX5Ic google-symbols NhBTye""></span><span class=""hCCjke vzX5Ic google-symbols NhBTye""></span></span><span class=""rsqaWe"">a year ago</span><div class=""Tuisuc""></div>",Nurullah Uzun
See translation (English),https://lh5.googleusercontent.com/p/AF1QipMVurmniB-aDIQcBBaoa0ZknTPTZOceNcnesNqG=w45-h45-p-k-no-rp-br100,Simurg Cafe & Bar,"Selçuk, Tabakhane Sk., 07100 Muratpaşa/Antalya- ",a year ago,Antalyalıysanız ve bu yere gitmediyseniz gidin bence. İşletme tamamen keyfiniz için çalışıyor. Fiyatlar da alışveriş sistemi de 10 numara,"<span class=""kvMYJc"" role=""img"" aria-label=""5 stars""><span class=""hCCjke vzX5Ic google-symbols NhBTye""></span><span class=""hCCjke vzX5Ic google-symbols NhBTye""></span><span class=""hCCjke vzX5Ic google-symbols NhBTye""></span><span class=""hCCjke vzX5Ic google-symbols NhBTye""></span><span class=""hCCjke vzX5Ic google-symbols NhBTye""></span></span><span class=""rsqaWe"">a year ago</span><div class=""Tuisuc""></div>",Nurullah Uzun
See translation (English),https://lh5.googleusercontent.com/proxy/4dTKBgEEkqqk1KtFPuugMGlZjWgKyS54coMLDTdCxJx9rGOfUV4pOaq2pPTgfXk8QbKEXPtW06w4ROuxlO83QyMKtYADcR4fFMyV8GbWQK7_aA1dP2Qr8ZHQP-8ELQBcH8Mr0aNOM1EjFxdUpNnPZrlTdH69vw=w45-h45-p-k-no-rp-br100,Akra Hotel,"Şirinyalı, Lara Cd. No:24, 07100 Muratpaşa/Antalya- ",a year ago,İş için kafeteryasını kullanırız. Gayet nezih bir  bir yer. Alt kısımda da 251 soul var güzel müzik yapıyorlar.,"<span class=""kvMYJc"" role=""img"" aria-label=""5 stars""><span class=""hCCjke vzX5Ic google-symbols NhBTye""></span><span class=""hCCjke vzX5Ic google-symbols NhBTye""></span><span class=""hCCjke vzX5Ic google-symbols NhBTye""></span><span class=""hCCjke vzX5Ic google-symbols NhBTye""></span><span class=""hCCjke vzX5Ic google-symbols NhBTye""></span></span><span class=""rsqaWe"">a year ago</span><div class=""Tuisuc""></div>",Nurullah Uzun
See translation (English),https://lh5.googleusercontent.com/p/AF1QipPPcraMpuidwtX33Gw8Dliv9JjU0Oi0tk6_xCL3=w45-h45-p-k-no-rp-br100,Efe tost,"Demircikara, yaşarhanım apartmanı, Narenciye Cd. 17/a, 07100 Muratpaşa/Antalya- ",a year ago,Ben nohut pilav yedim yanlız midyelerinden yiyen bir arkadaşım güzel olduğunu söyledi herkese afiyet olsun.,"<span class=""kvMYJc"" role=""img"" aria-label=""4 stars""><span class=""hCCjke vzX5Ic google-symbols NhBTye""></span><span class=""hCCjke vzX5Ic google-symbols NhBTye""></span><span class=""hCCjke vzX5Ic google-symbols NhBTye""></span><span class=""hCCjke vzX5Ic google-symbols NhBTye""></span><span class=""hCCjke google-symbols NhBTye""></span></span><span class=""rsqaWe"">a year ago</span><div class=""Tuisuc""></div>",Nurullah Uzun
See translation (English),https://lh5.googleusercontent.com/q3_0JlA5TErikFM-dr5YQi6Ffu0jdLf1Hh-lCwKmpyimjl458qJZXC9Sxa359G2_FA=w45-h45-p-k-no-rp-br100,Elemeği Cafe & Fastfood - İzmir Kumru & Tost Çeşitleri,"Zafer, Elemeği Parkı, Mithat Paşa Cd. No:140, 07020 Kepez/Antalya- ",a year ago,Uzun zamandır bu kafenin yakınında otururum 35 yıl kadar hiç gidip oturmamıştım. Bi kaşarlı tost yemişim ki ben  tuttum burayı,"<span class=""kvMYJc"" role=""img"" aria-label=""4 stars""><span class=""hCCjke vzX5Ic google-symbols NhBTye""></span><span class=""hCCjke vzX5Ic google-symbols NhBTye""></span><span class=""hCCjke vzX5Ic google-symbols NhBTye""></span><span class=""hCCjke vzX5Ic google-symbols NhBTye""></span><span class=""hCCjke google-symbols NhBTye""></span></span><span class=""rsqaWe"">a year ago</span><div class=""Tuisuc""></div>",Nurullah Uzun
See translation (English),https://lh5.googleusercontent.com/p/AF1QipNrf54fb3ZBBbDA0zybK68H7vYH0CgdnLgdqjxU=w45-h45-p-k-no-rp-br100,İstasyon 1923,"Okul Mahallesi, Isparta - Eğirdir Yolu No 19, 32110 Kuleönü/Merkez/Isparta- ",4 days ago,"Eğirdir yolunda bulunan açık ve kapalı alana sahip, çalışanları saygılı bir işletme. Hafta sonu kahvaltı yapabilmek için rezervasyon oluşturmanız gerekiyor. Otoparkı mevcut, kamelyaları pelet sobası ile ısınıyor. 4 kişi için 2 kişilik …","<span class=""kvMYJc"" role=""img"" aria-label=""5 stars""><span class=""hCCjke vzX5Ic google-symbols NhBTye""></span><span class=""hCCjke vzX5Ic google-symbols NhBTye""></span><span class=""hCCjke vzX5Ic google-symbols NhBTye""></span><span class=""hCCjke vzX5Ic google-symbols NhBTye""></span><span class=""hCCjke vzX5Ic google-symbols NhBTye""></span></span><span class=""rsqaWe"">4 days ago</span><div class=""Tuisuc""></div>",Serdar Yetisen
See translation (English),https://lh5.googleusercontent.com/p/AF1QipPb7fvq75WWml-2rVSj-VtE1mV0mbhfnuVXB-tI=w45-h45-p-k-no-rp-br100,Aliya Mutfak - World Cuisine & Home Cooking,"Çünür, Çünür Mahallesi, Süleyman Demirel Üniversitesi Doğu Yerleşkesi 102. Cadde, No:248/5A Dükkan No: 17-18, 32200 Merkez/Isparta- ",a week ago,"Pandemi zamanında açılmış bir aile işletmesi. Çalışanlar oldukça saygılı, yemekler de bir o kadar lezzetli. Öglen saatlerinde oldukça kalabalık oluyor. Yemek sonrasında mutlaka çay ikramı var, günde iki çeşit çorba servisleri var. …","<span class=""kvMYJc"" role=""img"" aria-label=""5 stars""><span class=""hCCjke vzX5Ic google-symbols NhBTye""></span><span class=""hCCjke vzX5Ic google-symbols NhBTye""></span><span class=""hCCjke vzX5Ic google-symbols NhBTye""></span><span class=""hCCjke vzX5Ic google-symbols NhBTye""></span><span class=""hCCjke vzX5Ic google-symbols NhBTye""></span></span><span class=""rsqaWe"">a week ago</span><div class=""Tuisuc""></div>",Serdar Yetisen
See translation (English),https://lh5.googleusercontent.com/p/AF1QipMxqVVN9RGOFbjX7mEizP-k-OaKr0caGeR0lXtR=w45-h45-p-k-no-rp-br100,Gökçay Mesireliği,"Doğancı, 2411. Sk. No:8, 32040 Isparta Merkez/Isparta- ",a week ago,"Belirli saatlerde oldukça kalabalık, çocuklar için geniş bir park alanına sahip, yukarı tarafında yer alan kirazlıdereden manzara güzel görünüyor. Kalabalık saatler dışında dinlenmek için güzel bir yer, yeni açılan otopark alanının aydınlatmaya ihtiyacı var.","<span class=""kvMYJc"" role=""img"" aria-label=""4 stars""><span class=""hCCjke vzX5Ic google-symbols NhBTye""></span><span class=""hCCjke vzX5Ic google-symbols NhBTye""></span><span class=""hCCjke vzX5Ic google-symbols NhBTye""></span><span class=""hCCjke vzX5Ic google-symbols NhBTye""></span><span class=""hCCjke google-symbols NhBTye""></span></span><span class=""rsqaWe"">a week ago</span><div class=""Tuisuc""></div>",Serdar Yetisen
See translation (English),https://lh5.googleusercontent.com/p/AF1QipMAPtYnfI05gRVe5TUzOzCQHxeloNOObZIGjv7g=w45-h45-p-k-no-rp-br100,Çikolata Evim Isparta,"Modern Evler Mahallesi Süleyman Demirel Caddesi No :86-88, 32200 Merkez/Isparta- ",3 weeks ago,Isparta Uygulamalı Bilimler Üniversitesi Rektörlük binası karşısında yer alan bir işletme. Aynı zamanda orjinal Belçika Çikolatası satın alabileceğiniz bir yer. Belçika Çikolatası'nın kilogram fiyatı 1150 Türk Lirası. Çalışanları oldukça …,"<span class=""kvMYJc"" role=""img"" aria-label=""5 stars""><span class=""hCCjke vzX5Ic google-symbols NhBTye""></span><span class=""hCCjke vzX5Ic google-symbols NhBTye""></span><span class=""hCCjke vzX5Ic google-symbols NhBTye""></span><span class=""hCCjke vzX5Ic google-symbols NhBTye""></span><span class=""hCCjke vzX5Ic google-symbols NhBTye""></span></span><span class=""rsqaWe"">3 weeks ago</span><div class=""Tuisuc""></div>",Serdar Yetisen
See translation (English),https://lh5.googleusercontent.com/p/AF1QipPbtZwR4cGFGxqGPuvpoFZCSzKrYo1Koqep26jd=w45-h45-p-k-no-rp-br100,RHAPSODY COFFEE CO.,"Sülübey, Çınar Cd. No:95, 32040 Merkez/Isparta- ",3 weeks ago,"Çayboyu'nda yer alan pandemide açılan bir aile işletmesi. Açık ve kapalı alanı bulunan, sıcak, sessiz, temiz bir ortam. Aynı zamanda hayvansever bir işletme. Kahve çesitlerinin yanında ev yapımı kurabiye, kek alternatifleri var. Yürüyüş …","<span class=""kvMYJc"" role=""img"" aria-label=""5 stars""><span class=""hCCjke vzX5Ic google-symbols NhBTye""></span><span class=""hCCjke vzX5Ic google-symbols NhBTye""></span><span class=""hCCjke vzX5Ic google-symbols NhBTye""></span><span class=""hCCjke vzX5Ic google-symbols NhBTye""></span><span class=""hCCjke vzX5Ic google-symbols NhBTye""></span></span><span class=""rsqaWe"">3 weeks ago</span><div class=""Tuisuc""></div>",Serdar Yetisen
See translation (English),https://lh5.googleusercontent.com/p/AF1QipMYyOxKomcnpkLuynh-lwQf-H6SYnlYyEkSSPAe=w45-h45-p-k-no-rp-br100,Ferah Kebap Salonu,"Kutlubey Mah. 120. Cad, Atatürk Parkı İçi No:13, 32100 Isparta Merkez/Isparta- ",3 weeks ago,Isparta Merkez'de Atatürk Parkı'nın arkasında hizmet veren bir işletme. Çorba yanında sıcak tırnak pidesi getiriyorlar. Yemek öncesinde salata servis ediyorlar. Kuşbaşı-kaşarlı pidesi oldukça lezzetli. Güveç yaklaşık yarım saatte …,"<span class=""kvMYJc"" role=""img"" aria-label=""5 stars""><span class=""hCCjke vzX5Ic google-symbols NhBTye""></span><span class=""hCCjke vzX5Ic google-symbols NhBTye""></span><span class=""hCCjke vzX5Ic google-symbols NhBTye""></span><span class=""hCCjke vzX5Ic google-symbols NhBTye""></span><span class=""hCCjke vzX5Ic google-symbols NhBTye""></span></span><span class=""rsqaWe"">3 weeks ago</span><div class=""Tuisuc""></div>",Serdar Yetisen
See translation (English),https://lh5.googleusercontent.com/p/AF1QipNNGi_5tRbWQrmgfQK8xf8WzpIE-rvWyKvP-G_9=w45-h45-p-k-no-rp-br100,Cadı'nın Evi Isparta,"Fatih, Ertokuş Cd. No:2 Kapı No:1, 32200 Merkez/Isparta- ",4 weeks ago,Iyaşpark'ın hemen karşısında yer alan ve yakın zamanda faaliyete geçen bir işletme. Çalışanları oldukça saygılı. Açık ve kapalı alanı var. Ancak kapalı alanı küçük olduğu için rezervasyon yaptırarak gitmelisiniz. Çocuk oyun alanı …,"<span class=""kvMYJc"" role=""img"" aria-label=""5 stars""><span class=""hCCjke vzX5Ic google-symbols NhBTye""></span><span class=""hCCjke vzX5Ic google-symbols NhBTye""></span><span class=""hCCjke vzX5Ic google-symbols NhBTye""></span><span class=""hCCjke vzX5Ic google-symbols NhBTye""></span><span class=""hCCjke vzX5Ic google-symbols NhBTye""></span></span><span class=""rsqaWe"">4 weeks ago</span><div class=""Tuisuc""></div>",Serdar Yetisen
See translation (English),https://lh5.googleusercontent.com/p/AF1QipNKP0u0AowsQv_yEL3kC3M7rUMfPTuZdUcoFFd2=w45-h45-p-k-no-rp-br100,Pala’nın Yeri,"Çünür, Süleyman Demirel Cd. No:167, 32200 Isparta Merkez/Isparta- ",4 weeks ago,"Ciğeri harika, yemek öncesi servis edilen mezeleri yeterince doyurucu ve en önemlisi ev yapimi şalgamını mutlaka denemelisiniz. İşyeri sahibinin ilgi ve alakasi ile memnun kaldığımız bu yerin farklı lezzetlerini deneyimlemek için tekrar …","<span class=""kvMYJc"" role=""img"" aria-label=""5 stars""><span class=""hCCjke vzX5Ic google-symbols NhBTye""></span><span class=""hCCjke vzX5Ic google-symbols NhBTye""></span><span class=""hCCjke vzX5Ic google-symbols NhBTye""></span><span class=""hCCjke vzX5Ic google-symbols NhBTye""></span><span class=""hCCjke vzX5Ic google-symbols NhBTye""></span></span><span class=""rsqaWe"">4 weeks ago</span><div class=""Tuisuc""></div>",Serdar Yetisen
See translation (English),https://lh5.googleusercontent.com/p/AF1QipOGUFsR6VYHKMTXj_6vtlIHRbcHHsB4tNx057yN=w45-h45-p-k-no-rp-br100,Route Burger House,"Fatih, Fatih 4555. Sokak No:6 /1 Merkez, 4555. Sk. No:6, 32200 Isparta Merkez/Isparta- ",a month ago,"Adliyenin hemen karşısında yer alan, daha önceden Route Burger House ismi ile bilinen bir işletme. Crispy Chickhen, Cheeseburger ve New Age burger sipariş ettik. Cheeseburger yanmış bir sekilde geldi ve değiştirilmesini talep ettim, talebim …","<span class=""kvMYJc"" role=""img"" aria-label=""4 stars""><span class=""hCCjke vzX5Ic google-symbols NhBTye""></span><span class=""hCCjke vzX5Ic google-symbols NhBTye""></span><span class=""hCCjke vzX5Ic google-symbols NhBTye""></span><span class=""hCCjke vzX5Ic google-symbols NhBTye""></span><span class=""hCCjke google-symbols NhBTye""></span></span><span class=""rsqaWe"">a month ago</span><div class=""Tuisuc""></div>",Serdar Yetisen
See translation (English),https://lh5.googleusercontent.com/p/AF1QipNfdK_0E5YRE5mR948sjoONJlsLs8bsM7GD-W4d=w45-h45-p-k-no-rp-br100,The Big Man Konyaaltı,"Muratpaşa, Konyaaltı Cd. Atatürk Parkı İçi, 07050 Muratpaşa/Antalya- ",a month ago,"Atatürk Parkı içinde bulunan bir işletme. Denize karşı kahvaltı yapabilir, çay-kahve içip arkadaşlarınızla vakit geçirebilirsiniz. Tatlı olarak profiterol denedik, oldukça lezzetliydi. Hafta sonları kalabalık olduğu için falezlere yakın …","<span class=""kvMYJc"" role=""img"" aria-label=""5 stars""><span class=""hCCjke vzX5Ic google-symbols NhBTye""></span><span class=""hCCjke vzX5Ic google-symbols NhBTye""></span><span class=""hCCjke vzX5Ic google-symbols NhBTye""></span><span class=""hCCjke vzX5Ic google-symbols NhBTye""></span><span class=""hCCjke vzX5Ic google-symbols NhBTye""></span></span><span class=""rsqaWe"">a month ago</span><div class=""Tuisuc""></div>",Serdar Yetisen
See translation (English),https://lh5.googleusercontent.com/p/AF1QipOYb6bYUMA7KHYjkCAfuIjaZwS_v9kpqXhWdjDu=w45-h45-p-k-no-rp-br100,Meşhur Aksu Şimsek Köfteci İsa,"Merkez, Ziraat Bankası yanı, Serik Cad üzeri, 07112 Aksu/Antalya- ",2 months ago,"Antalya'da bulunan bir işletme. Bir porsiyon köfte ile birlikte su, ayran, tatlı ikram ediyorlar. Köftesi oldukça lezzetli. Köfte yanında piyaz isterseniz hazırlıyorlar. Yemek sonrası çay servisleri var. Otoparkı mevcut. Kredi kartı, yemek kartı ve nakit ödeme seçenekleri var.","<span class=""kvMYJc"" role=""img"" aria-label=""5 stars""><span class=""hCCjke vzX5Ic google-symbols NhBTye""></span><span class=""hCCjke vzX5Ic google-symbols NhBTye""></span><span class=""hCCjke vzX5Ic google-symbols NhBTye""></span><span class=""hCCjke vzX5Ic google-symbols NhBTye""></span><span class=""hCCjke vzX5Ic google-symbols NhBTye""></span></span><span class=""rsqaWe"">2 months ago</span><div class=""Tuisuc""></div>",Serdar Yetisen
See translation (English),https://maps.gstatic.com/mapsactivities/icons/poi_icons/mobile/0/xhdpi/pin_visited.png,Çayırbağlı Rot Balans,"Güvenevler, 602. Sk., 03030 Afyonkarahisar Merkez/Afyonkarahisar- ",2 months ago,"Gazi usta ve ekibine lastik değişimi, saklaması, rot-balans işlemlerinizde güvenebilirsiniz. Kredi kartı ile işlem yapılmıyor, bu nedenle yanınızda nakit bulundurmalısınız. Hafta sonu yoğunluk oluyor ancak aracınızı bırakıp hemen yakınındaki Park Afyon'da vakit geçirebilirsiniz","<span class=""kvMYJc"" role=""img"" aria-label=""5 stars""><span class=""hCCjke vzX5Ic google-symbols NhBTye""></span><span class=""hCCjke vzX5Ic google-symbols NhBTye""></span><span class=""hCCjke vzX5Ic google-symbols NhBTye""></span><span class=""hCCjke vzX5Ic google-symbols NhBTye""></span><span class=""hCCjke vzX5Ic google-symbols NhBTye""></span></span><span class=""rsqaWe"">2 months ago</span><div class=""Tuisuc""></div>",Serdar Yetisen
See translation (English),https://lh5.googleusercontent.com/p/AF1QipNwjDmaaEY9an161fnpZFJG4mhAM0Ed9IdV_m06=w45-h45-p-k-no-rp-br100,Günnaz Salep Boza,"Kutlubey, 1008. Sk. No:5, 32100 Isparta Merkez/Isparta- ",2 months ago,Mimar Sinan Camisi'nden Turktelekom'a doğru giderken sağ tarafta bulunan bir işletme. Salep ve boza satışı yapıyorlar. Bozayı paketlenmiş olarak alabiliyorsunuz. Yakınında ucretli otopark var. Çocuk oyun alanı bulunmuyor ve sadece nakit ödeme alıyorlar.,"<span class=""kvMYJc"" role=""img"" aria-label=""5 stars""><span class=""hCCjke vzX5Ic google-symbols NhBTye""></span><span class=""hCCjke vzX5Ic google-symbols NhBTye""></span><span class=""hCCjke vzX5Ic google-symbols NhBTye""></span><span class=""hCCjke vzX5Ic google-symbols NhBTye""></span><span class=""hCCjke vzX5Ic google-symbols NhBTye""></span></span><span class=""rsqaWe"">2 months ago</span><div class=""Tuisuc""></div>",Serdar Yetisen
See translation (English),https://lh5.googleusercontent.com/p/AF1QipP5nBfF8Dtu8Z1O4fGg0y1EDPP-Es2bEv-PQSQq=w45-h45-p-k-no-rp-br100,Antre Kitchen Ala,"Çünür, Süleyman Demirel Cd. İyaş Bulvar AVM No:167-171, 32000 Merkez/Isparta- ",2 months ago,"Iyaş Bulvar AVM'de yer alan bir işletme. İskenderi oldukça güzel ancak pastırmalı zırh kebabı biraz daha pişirilebilirdi. Yemek öncesi ikram edilen mezeler de oldukça lezzetli. Servis personeli oldukça güleryüzlü, yemek sonrası çay kahve …","<span class=""kvMYJc"" role=""img"" aria-label=""5 stars""><span class=""hCCjke vzX5Ic google-symbols NhBTye""></span><span class=""hCCjke vzX5Ic google-symbols NhBTye""></span><span class=""hCCjke vzX5Ic google-symbols NhBTye""></span><span class=""hCCjke vzX5Ic google-symbols NhBTye""></span><span class=""hCCjke vzX5Ic google-symbols NhBTye""></span></span><span class=""rsqaWe"">2 months ago</span><div class=""Tuisuc""></div>",Serdar Yetisen
See translation (English),https://lh5.googleusercontent.com/p/AF1QipO9zcA12RB6KOeXwJf5EYmkU2C7QhvK7YeO-T4-=w45-h45-p-k-no-rp-br100,Mado Iyaşpark,"Bahçelievler Mah. Ertokuş Cad. Iyaş Park AVM Zemin Kat no:Z05, 32200 Isparta- ",2 months ago,"Serin bir Isparta akşamında dondurmalı ve normal sahlep içip sohbet etmek için uğradık. Iyaşpark'ın girişinde bulunuyor, açık ve kapalı otopark ile çocuk oyun alanı var. Kredi kartı, yemek kartı ve nakit ödeme imkanı mevcut. Dondurma, pasta …","<span class=""kvMYJc"" role=""img"" aria-label=""5 stars""><span class=""hCCjke vzX5Ic google-symbols NhBTye""></span><span class=""hCCjke vzX5Ic google-symbols NhBTye""></span><span class=""hCCjke vzX5Ic google-symbols NhBTye""></span><span class=""hCCjke vzX5Ic google-symbols NhBTye""></span><span class=""hCCjke vzX5Ic google-symbols NhBTye""></span></span><span class=""rsqaWe"">2 months ago</span><div class=""Tuisuc""></div>",Serdar Yetisen
See translation (English),https://lh5.googleusercontent.com/p/AF1QipPuFr1YtnGWDRSTCZr4wl12sV_iYubyhIK94hg1=w45-h45-p-k-no-rp-br100,Çıtır Balık,"Kılınçarslan, Atatürk Cd. No:79, 07100 Muratpaşa/Antalya- ",2 months ago,"Küçük bir işletme olmasına rağmen oldukça lezzetli balık ve kalamar yapıyorlar. Bunların yanında sınırsız salata sunumları var. Balık sonrası dondurmalı irmik helvasını denemelisiniz. Çocuk oyun alanı bulunmuyor, yürüme mesafesinde ücretli …","<span class=""kvMYJc"" role=""img"" aria-label=""5 stars""><span class=""hCCjke vzX5Ic google-symbols NhBTye""></span><span class=""hCCjke vzX5Ic google-symbols NhBTye""></span><span class=""hCCjke vzX5Ic google-symbols NhBTye""></span><span class=""hCCjke vzX5Ic google-symbols NhBTye""></span><span class=""hCCjke vzX5Ic google-symbols NhBTye""></span></span><span class=""rsqaWe"">2 months ago</span><div class=""Tuisuc""></div>",Serdar Yetisen
See translation (English),https://lh5.googleusercontent.com/p/AF1QipNHS3D1wL0IJGDeWqubmKgDB6czRxEWAUXuRIpX=w45-h45-p-k-no-rp-br100,Başoğlu Balık & Restaurant,"Altınkum, Atatürk Blv. 126/A, 07070 Konyaaltı/Antalya- ",2 months ago,Alkollü bir işletme olması nedeniyle fiyatları biraz yüksek. Hafta sonu oldukça kalabalık ve gürültü nedeniyle insanlar birbirini duyamıyor. Kalamarı lezzetli ancak balığın biraz daha kızartılarak servis edilmesi gerekiyor. Hamsili pilavı …,"<span class=""kvMYJc"" role=""img"" aria-label=""4 stars""><span class=""hCCjke vzX5Ic google-symbols NhBTye""></span><span class=""hCCjke vzX5Ic google-symbols NhBTye""></span><span class=""hCCjke vzX5Ic google-symbols NhBTye""></span><span class=""hCCjke vzX5Ic google-symbols NhBTye""></span><span class=""hCCjke google-symbols NhBTye""></span></span><span class=""rsqaWe"">2 months ago</span><div class=""Tuisuc""></div>",Serdar Yetisen
See translation (English),https://lh5.googleusercontent.com/p/AF1QipMVqQYbgfdZZIrDSpRwbPAnl4Ddw2O9bY0yBS24=w45-h45-p-k-no-rp-br100,Konyaaltı Uygulama Oteli,"Gürsu, 07070 Konyaaltı/Antalya- ",2 months ago,"Odaları L tipi düzene sahip, odalarda iki kişilik (çok uzun boylu bireyler için uygun değil) ve tek kişilik yatak bulunuyor. Odada buzdolabı, elbise dolabı, televizyon var. Odalar klima ile ısıtılıyor. Biraz eski olmasına rağmen sürekli …","<span class=""kvMYJc"" role=""img"" aria-label=""3 stars""><span class=""hCCjke vzX5Ic google-symbols NhBTye""></span><span class=""hCCjke vzX5Ic google-symbols NhBTye""></span><span class=""hCCjke vzX5Ic google-symbols NhBTye""></span><span class=""hCCjke google-symbols NhBTye""></span><span class=""hCCjke google-symbols NhBTye""></span></span><span class=""rsqaWe"">2 months ago</span><div class=""Tuisuc""></div>",Serdar Yetisen
See translation (English),https://lh5.googleusercontent.com/p/AF1QipOPqWPcvmjNsQ6U5exzCNNQvT80BDGsENwcwIa4=w45-h45-p-k-no-rp-br100,Alaçatı Muhallebicisi Konyaaltı,"Gürsu, Gazi Mustafa Kemal Blv. No:1, 07070 Konyaaltı/Antalya- ",2 months ago,"Konyaaltı'nda yürüyüş yaptıktan sonra mola verebileceğiniz bir yer. Farklı günlerde tavuk göğsü muhallebi, profiterol, kadife pasta ve fındıklı pasta deneyimledik ve oldukça lezzetliydi. Çalışanları oldukça saygılı. Aracınızı yol kenarına park ediyorsunuz. Kredi kartı ile ödeme imkanınız var. Çocuk oyun alanı bulunmuyor.","<span class=""kvMYJc"" role=""img"" aria-label=""5 stars""><span class=""hCCjke vzX5Ic google-symbols NhBTye""></span><span class=""hCCjke vzX5Ic google-symbols NhBTye""></span><span class=""hCCjke vzX5Ic google-symbols NhBTye""></span><span class=""hCCjke vzX5Ic google-symbols NhBTye""></span><span class=""hCCjke vzX5Ic google-symbols NhBTye""></span></span><span class=""rsqaWe"">2 months ago</span><div class=""Tuisuc""></div>",Serdar Yetisen
See translation (English),https://lh5.googleusercontent.com/p/AF1QipMnzhAvz2qc0XvU9-W2FEzWHdzSVPkab3PGB5lH=w45-h45-p-k-no-rp-br100,The Beaver Coffee Shop Kent Meydanı,"Altınkum, 25 nolu beach, Akdeniz Blv., 07050 Konyaaltı/Antalya- ",2 months ago,"Denize karşı kahvenizi içebileceginiz, bir yorgunluk molası verebileceğiniz hayvansever bir işletme. Smoke coffee ve Coffee Pistachino deneyimledik. Ikisi de hafif olmakla birlikte farklı lezzetlere sahip. Alternatif kahve seçenekleri var. …","<span class=""kvMYJc"" role=""img"" aria-label=""5 stars""><span class=""hCCjke vzX5Ic google-symbols NhBTye""></span><span class=""hCCjke vzX5Ic google-symbols NhBTye""></span><span class=""hCCjke vzX5Ic google-symbols NhBTye""></span><span class=""hCCjke vzX5Ic google-symbols NhBTye""></span><span class=""hCCjke vzX5Ic google-symbols NhBTye""></span></span><span class=""rsqaWe"">2 months ago</span><div class=""Tuisuc""></div>",Serdar Yetisen
See translation (English),https://lh5.googleusercontent.com/p/AF1QipMcyXhCQ2clXRMgxM7JsbITypQtw77xMVpPb0wj=w45-h45-p-k-no-rp-br100,Lassa Afyon ÖZKAN OTOMOTİV,"Güvenevler, Şht. Selçuk Gürdal Cd. 13/A, 03030 Afyonkarahisar Merkez/Afyonkarahisar- ",3 months ago,"Lassa Lastik ile çelik jant satışı ve saklama hizmeti veren bir işletme, yaz ve kış sezonu başında lastik değişimi için yoğunluk yaşanıyor. İşleminiz bitene kadar çay içebileceginiz bir bekleme salonu var. İmkanlar çerçevesinde kredi kartına taksitli işlem yapabiliyorlar.","<span class=""kvMYJc"" role=""img"" aria-label=""5 stars""><span class=""hCCjke vzX5Ic google-symbols NhBTye""></span><span class=""hCCjke vzX5Ic google-symbols NhBTye""></span><span class=""hCCjke vzX5Ic google-symbols NhBTye""></span><span class=""hCCjke vzX5Ic google-symbols NhBTye""></span><span class=""hCCjke vzX5Ic google-symbols NhBTye""></span></span><span class=""rsqaWe"">3 months ago</span><div class=""Tuisuc""></div>",Serdar Yetisen
See translation (English),https://lh5.googleusercontent.com/p/AF1QipNHX9anwA55em5WPC38LHFA2EgU08iw6ICNdudm=w45-h45-p-k-no-rp-br100,Şekerpare Pastaevi,"Keçeci, 44, Hilmi Çakmakçı Cd., 32040 Isparta Merkez- ",3 months ago,Isparta Uygulamalı Bilimler Üniversitesi için yapılan yeni binadan Gökçay'a doğru giderken ışıklara gelmeden sağ tarafta bulunan bir işletme. Kurupastalarından buram buram tereyağı tadını alıyorsunuz. Mekan içinde oturabileceginiz bir alan …,"<span class=""kvMYJc"" role=""img"" aria-label=""5 stars""><span class=""hCCjke vzX5Ic google-symbols NhBTye""></span><span class=""hCCjke vzX5Ic google-symbols NhBTye""></span><span class=""hCCjke vzX5Ic google-symbols NhBTye""></span><span class=""hCCjke vzX5Ic google-symbols NhBTye""></span><span class=""hCCjke vzX5Ic google-symbols NhBTye""></span></span><span class=""rsqaWe"">3 months ago</span><div class=""Tuisuc""></div>",Serdar Yetisen
See translation (English),https://lh5.googleusercontent.com/p/AF1QipNUKrsxKLh99YWBuXS7K727WP5iT8TNf0ZS-ZX_=w45-h45-p-k-no-rp-br100,Afyonkarahisar Castle,"Kale Mah., 03100 Merkez/Afyonkarahisar Merkez/Afyonkarahisar- ",3 months ago,"Şimdilik merdiven aracılığıyla çıkılıyor, merdivenlerin başında magnet benzeri satanlar sizi karşılıyor, daha sonra cay kahve icebileceginiz bir yer var. Merdivenler tamamlandıktan sonra kaleye ulaşıyorsunuz ve harika bir şehir manzarası …","<span class=""kvMYJc"" role=""img"" aria-label=""5 stars""><span class=""hCCjke vzX5Ic google-symbols NhBTye""></span><span class=""hCCjke vzX5Ic google-symbols NhBTye""></span><span class=""hCCjke vzX5Ic google-symbols NhBTye""></span><span class=""hCCjke vzX5Ic google-symbols NhBTye""></span><span class=""hCCjke vzX5Ic google-symbols NhBTye""></span></span><span class=""rsqaWe"">3 months ago</span><div class=""Tuisuc""></div>",Serdar Yetisen
See translation (English),https://lh5.googleusercontent.com/p/AF1QipP1aSRNDfnmo_07hg4NSC84vRJ9SejnF4FS-JtJ=w45-h45-p-k-no-rp-br100,Otel Carpe Diem Gold,"Kale Mh. No:150, 07000 Finike/Antalya- ",4 months ago,"Finike'de liman yakınında kendi plajı olan bir tesis. Odalar temiz ve çalışanlar oldukça saygılı. 501 numaralı odada konakladım ve odadan çektiğim fotoğrafları ekledim. Odada mini buzdolabı, televizyon bulunuyor. Sabah kahvaltısı oldukça …","<span class=""kvMYJc"" role=""img"" aria-label=""5 stars""><span class=""hCCjke vzX5Ic google-symbols NhBTye""></span><span class=""hCCjke vzX5Ic google-symbols NhBTye""></span><span class=""hCCjke vzX5Ic google-symbols NhBTye""></span><span class=""hCCjke vzX5Ic google-symbols NhBTye""></span><span class=""hCCjke vzX5Ic google-symbols NhBTye""></span></span><span class=""rsqaWe"">4 months ago</span><div class=""Tuisuc""></div>",Serdar Yetisen
See translation (English),https://lh5.googleusercontent.com/p/AF1QipPNJTkJ-mQoWk0eeMYzs2Z5ATporwTyJFIXkYDk=w45-h45-p-k-no-rp-br100,Öz Şen Baba Kebap Salonu,"Karyağdı, Hükümet Cd., 07700 Elmalı/Antalya- ",4 months ago,"Finike dönüşü öneri üzerine Elmalı'da mola verdik ve Öz Şen Baba Kebap Salonu'na uğradık. Porsiyon köfte, piyaz ve un helvası sipariş ettik. Köftesi ve yanında getirilen domates oldukça lezzetli, biberleri oldukça acı; un helvasına tarçın …","<span class=""kvMYJc"" role=""img"" aria-label=""3 stars""><span class=""hCCjke vzX5Ic google-symbols NhBTye""></span><span class=""hCCjke vzX5Ic google-symbols NhBTye""></span><span class=""hCCjke vzX5Ic google-symbols NhBTye""></span><span class=""hCCjke google-symbols NhBTye""></span><span class=""hCCjke google-symbols NhBTye""></span></span><span class=""rsqaWe"">4 months ago</span><div class=""Tuisuc""></div>",Serdar Yetisen
See translation (English),https://lh5.googleusercontent.com/p/AF1QipNquSywi6jT-gxk-uJ9HMPLWqf2G6G77YFnj4Wb=w45-h45-p-k-no-rp-br100,Dondurmacı Hasan Aile Çay Bahçesi,"Eski Mahalle Atatürk Parki içi, Şerbetçi Blv., 07740 Finike/Antalya- ",4 months ago,"Finike merkezde liman yakınında bulunan küçük bir işletme. Kakao, çilek ve yanık dondurma olmak üzere üç çesit dondurma servisi var. Yanık ve cilekli dondurma muhteşem bir ikili. Limanda yürüdükten sonra uğrayıp biraz dinlenebilirsiniz. …","<span class=""kvMYJc"" role=""img"" aria-label=""5 stars""><span class=""hCCjke vzX5Ic google-symbols NhBTye""></span><span class=""hCCjke vzX5Ic google-symbols NhBTye""></span><span class=""hCCjke vzX5Ic google-symbols NhBTye""></span><span class=""hCCjke vzX5Ic google-symbols NhBTye""></span><span class=""hCCjke vzX5Ic google-symbols NhBTye""></span></span><span class=""rsqaWe"">4 months ago</span><div class=""Tuisuc""></div>",Serdar Yetisen
See translation (English),https://lh5.googleusercontent.com/p/AF1QipNZ8KEvKnACnI0vOMAMuRUE3f1CtEq5y6MIJ94_=w45-h45-p-k-no-rp-br100,Neşeli Balık,"Eski, 108. Sk., 07740 Finike/Antalya- ",4 months ago,"Bugün de Finike'de bulunan Neşeli Balık restaurantı ziyaret ettik. Baliklar izgarada veya yağda pisirilerek sipariş ediliyor. Yağda kuzu balığını, ızgarada pirzolayı denedik. Oldukça lezzetliydi. Meze alternatifleri çok fazla. Açık ve …","<span class=""kvMYJc"" role=""img"" aria-label=""5 stars""><span class=""hCCjke vzX5Ic google-symbols NhBTye""></span><span class=""hCCjke vzX5Ic google-symbols NhBTye""></span><span class=""hCCjke vzX5Ic google-symbols NhBTye""></span><span class=""hCCjke vzX5Ic google-symbols NhBTye""></span><span class=""hCCjke vzX5Ic google-symbols NhBTye""></span></span><span class=""rsqaWe"">4 months ago</span><div class=""Tuisuc""></div>",Serdar Yetisen
See translation (English),https://lh5.googleusercontent.com/p/AF1QipOH2j7Ta_jnb2HzMfnvL2Ab4EjdaqdIJHu-aeAW=w45-h45-p-k-no-rp-br100,Süleyman Demirel Universiy Library,"Kütüphane Ve Dokümantasyon Daire Başkanlığı Doğu Kampüsü, 32260 Merkez/Isparta- ",4 months ago,"Bir üniversitenin en önemli birimi kütüphanesidir. Süleyman Demirel Üniversitesi kütüphanesi basılı ve elektronik şekilde oldukca fazla kaynağı bünyesinde barındırmakta, kullanıcılara bireysel ve toplu çalışma alanları sunmaktadır. 24 saat …","<span class=""kvMYJc"" role=""img"" aria-label=""5 stars""><span class=""hCCjke vzX5Ic google-symbols NhBTye""></span><span class=""hCCjke vzX5Ic google-symbols NhBTye""></span><span class=""hCCjke vzX5Ic google-symbols NhBTye""></span><span class=""hCCjke vzX5Ic google-symbols NhBTye""></span><span class=""hCCjke vzX5Ic google-symbols NhBTye""></span></span><span class=""rsqaWe"">4 months ago</span><div class=""Tuisuc""></div>",Serdar Yetisen
See translation (English),https://lh5.googleusercontent.com/p/AF1QipMUg55zC8Avtp3BTA3HWeDNTeRYUMZCJjupz2qu=w45-h45-p-k-no-rp-br100,Arzava Restaurant Eğirdir,"Kale Mah. Atayolu Cad. No:36 Eğirdir Limaniçi, Unnamed Road, 32500 Eğirdir/Isparta- ",4 months ago,"Kahvaltısı, kahve sunumları harikaydı, personelin güler yüzü ve ilgisi inanılmazdı. Mutlaka deneyimlemelisiniz, gelmeden önce mutlaka rezervasyon yapmalısınız🙂 …","<span class=""kvMYJc"" role=""img"" aria-label=""5 stars""><span class=""hCCjke vzX5Ic google-symbols NhBTye""></span><span class=""hCCjke vzX5Ic google-symbols NhBTye""></span><span class=""hCCjke vzX5Ic google-symbols NhBTye""></span><span class=""hCCjke vzX5Ic google-symbols NhBTye""></span><span class=""hCCjke vzX5Ic google-symbols NhBTye""></span></span><span class=""rsqaWe"">4 months ago</span><div class=""Tuisuc""></div>",Serdar Yetisen
See translation (English),https://lh5.googleusercontent.com/p/AF1QipOIAu_Gdjufhbts0ErGU55i4VrgpTV1wVbGglOm=w45-h45-p-k-no-rp-br100,Eğirdir Belediyesi Liman Sosyal Tesisleri,"Cami Mahallesi, Atayolu Eğirdir, 32500 Eğirdir/Isparta- ",4 months ago,"Eğirdir Gölü kenarında, Ada girisine yakın belediye tarafından işletilen bir mekan. Self-servis olarak hizmet veriyor. Çocuklar için oyun alanı olmasa da göl kenarinda yürüyüş yapilabilmesi ve fiyatlarının uygun olması tercih …","<span class=""kvMYJc"" role=""img"" aria-label=""5 stars""><span class=""hCCjke vzX5Ic google-symbols NhBTye""></span><span class=""hCCjke vzX5Ic google-symbols NhBTye""></span><span class=""hCCjke vzX5Ic google-symbols NhBTye""></span><span class=""hCCjke vzX5Ic google-symbols NhBTye""></span><span class=""hCCjke vzX5Ic google-symbols NhBTye""></span></span><span class=""rsqaWe"">4 months ago</span><div class=""Tuisuc""></div>",Serdar Yetisen
